organization,switch,switch_serial,port_id,port_name,enabled,data_total,data_upstream,data_downstream,bandwidth_total,bandwidth_upstream,bandwidth_downstream,energy_total
BCMH,Data Center Core 410-1,Q2AW-9BXE-RTGG,1,Primary MX port 5,True,43965662328,33053250882,10912411446,4168596.0999999996,3133938.1000000015,1034658.0000000001,0.0
BCMH,Data Center Core 410-1,Q2AW-9BXE-RTGG,2,Spare MX port 5,True,7627092,6553560,1073532,723.1,621.1999999999999,101.90000000000002,0.0
BCMH,Data Center Core 410-1,Q2AW-9BXE-RTGG,3,Surgery,True,5716239550,5067657952,648581598,541984.6,480489.40000000014,61495.20000000002,0.0
BCMH,Data Center Core 410-1,Q2AW-9BXE-RTGG,4,Link to Telco ISP-1 port 1,True,3959181,1349593,2609588,375.3999999999999,127.9,247.49999999999997,0.0
BCMH,Data Center Core 410-1,Q2AW-9BXE-RTGG,5,Education Basement,True,531739112,524656247,7082865,50416.39999999999,49744.99999999999,671.4,0.0
BCMH,Data Center Core 410-1,Q2AW-9BXE-RTGG,6,Telco Rm Rack 1,True,6093383303,5380296985,713086318,577742.5,510131.5999999999,67610.90000000001,0.0
BCMH,Data Center Core 410-1,Q2AW-9BXE-RTGG,7,East Wing,True,1856325471,1653850654,202474817,176007.3,156809.59999999998,19197.699999999997,0.0
BCMH,Data Center Core 410-1,Q2AW-9BXE-RTGG,8,Radiology,True,6781705122,5211504207,1570200915,643006.5,494128.1,148878.39999999997,0.0
BCMH,Data Center Core 410-1,Q2AW-9BXE-RTGG,10,OPC Closet,True,808486797,726427923,82058874,76656.7,68876.30000000002,7780.4,0.0
BCMH,Data Center Core 410-1,Q2AW-9BXE-RTGG,11,Data Cntr Stack 1 port 49,True,48987182733,3412936126,45574246607,4644710.5,323596.79999999993,4321113.699999999,0.0
BCMH,Data Center Core 410-1,Q2AW-9BXE-RTGG,17,,True,901771164,839595316,62175848,85501.39999999998,79606.1,5895.3,0.0
BCMH,Data Center Core 410-1,Q2AW-9BXE-RTGG,18,410 to 410,True,10308095463,8845623707,1462471756,977360.2999999998,838696.1000000001,138664.19999999998,0.0
BCMH,Data Center Core 410-1,Q2AW-9BXE-RTGG,19,,True,42470050607,42468566138,1484469,4026790.199999999,4026649.0000000005,141.19999999999996,0.0
BCMH,Data Center Core 410-1,Q2AW-9BXE-RTGG,20,,True,2768531541,2767461435,1070106,262497.50000000006,262396.19999999995,101.29999999999998,0.0
BCMH,Data Center 410-2,Q2AW-9GKL-GMGA,1,Primary MX port 6,True,1480976,54361,1426615,141.60000000000002,6.200000000000003,135.4,0.0
BCMH,Data Center 410-2,Q2AW-9GKL-GMGA,2,Spare MX port 6,True,1485831,54361,1431470,142.10000000000002,6.200000000000003,135.9,0.0
BCMH,Data Center 410-2,Q2AW-9GKL-GMGA,4,Link to Telco ISP-2 port 1,True,1785517,956397,829120,169.70000000000005,90.89999999999998,78.79999999999998,0.0
BCMH,Data Center 410-2,Q2AW-9GKL-GMGA,16,Critical_Insight-SPAN,True,43964869284,43964869222,62,4168521.099999999,4168521.099999999,0.0,0.0
BCMH,Data Center 410-2,Q2AW-9GKL-GMGA,19,,True,2768295367,1069952,2767225415,262475.20000000007,101.29999999999998,262373.89999999997,0.0
BCMH,Data Center 410-2,Q2AW-9GKL-GMGA,20,,True,42469477930,1484291,42467993639,4026736.1,141.19999999999993,4026594.9,0.0
BCMH,Fiber GW Telco rm MS-410,Q2AW-9UDQ-RWZC,3,Nursery St.,True,1446483959,1191188364,255295595,137148.10000000003,112942.09999999996,24206.0,0.0
BCMH,Fiber GW Telco rm MS-410,Q2AW-9UDQ-RWZC,4,Second Flr. Closet,True,3682400686,3283982330,398418356,349145.9999999999,311370.1000000001,37775.9,0.0
BCMH,Fiber GW Telco rm MS-410,Q2AW-9UDQ-RWZC,14,High Street MS250 Port 49,True,1793429404,1539529054,253900350,170043.3,145970.00000000003,24073.299999999996,0.0
BCMH,Fiber GW Telco rm MS-410,Q2AW-9UDQ-RWZC,17,410 to 410,True,4906538877,4347122636,559416241,465212.60000000003,412171.6,53041.0,0.0
BCMH,Fiber GW Telco rm MS-410,Q2AW-9UDQ-RWZC,18,410 to 250,True,10306890326,1462372773,8844517553,977245.4999999999,138654.60000000003,838590.8999999999,0.0
BCMH,Telco ISP-1,Q2CX-26AE-3WYE,1,to Data Center Core 410-1 port 4,True,3957886,2608795,1349091,375.1999999999999,247.39999999999998,127.80000000000001,0.0
BCMH,Telco ISP-1,Q2CX-26AE-3WYE,4,Uplink to FPR,True,284112580,136518179,147594401,26937.8,12943.9,13993.899999999998,0.0
BCMH,Telco ISP-1,Q2CX-26AE-3WYE,5,Uplink to FPR,True,258866366,113149515,145716851,24544.3,10728.4,13815.9,0.0
BCMH,Telco ISP-1,Q2CX-26AE-3WYE,6,ISP Lumen 5660 router,True,43087411103,31907083553,11180327550,4085325.3000000003,3025264.6,1060060.7,0.0
BCMH,Telco ISP-1,Q2CX-26AE-3WYE,7,Primary MX port 3,True,42525282948,10928000171,31597282777,4032026.699999999,1036136.3000000002,2995890.4000000004,0.0
BCMH,Telco ISP-1,Q2CX-26AE-3WYE,8,Spare MX port 3,True,6948605,3270762,3677843,658.9,310.1,348.7999999999999,0.0
BCMH,Telco ISP-2,Q2CX-YLGN-SMPZ,1,link to Data Center 410-2 port 4,True,1785605,829172,956433,169.30000000000004,78.49999999999999,90.79999999999997,0.0
BCMH,Telco ISP-2,Q2CX-YLGN-SMPZ,6,ISP 2 Temp MPLS router,True,172,118,54,0.0,0.0,0.0,0.0
BCMH,Telco ISP-2,Q2CX-YLGN-SMPZ,7,Primary MX port 4,True,846655,467236,379419,80.49999999999999,43.39999999999998,37.1,0.0
BCMH,Telco ISP-2,Q2CX-YLGN-SMPZ,8,Spare MX port 4,True,845964,484120,361844,80.59999999999998,46.5,34.100000000000016,0.0
BCMH,2nd Floor Stack 1 - 1,Q2QW-33JA-DJYS,1,ShoreTel,True,57402348,46377926,11024422,5442.5,4397.4000000000015,1045.1000000000001,2169.8000000000006
BCMH,2nd Floor Stack 1 - 1,Q2QW-33JA-DJYS,5,ShoreTel,True,735532,678165,57367,68.79999999999998,64.1,4.699999999999998,1668.4
BCMH,2nd Floor Stack 1 - 1,Q2QW-33JA-DJYS,6,ShoreTel,True,27868835,16529837,11338998,2642.1000000000004,1567.1,1075.0,2255.5
BCMH,2nd Floor Stack 1 - 1,Q2QW-33JA-DJYS,8,ShoreTel,True,671521764,643956264,27565500,63670.39999999999,61056.700000000004,2613.700000000001,2178.600000000001
BCMH,2nd Floor Stack 1 - 1,Q2QW-33JA-DJYS,9,ShoreTel,True,736455,680182,56273,69.5,64.39999999999999,5.1000000000000005,1702.8
BCMH,2nd Floor Stack 1 - 1,Q2QW-33JA-DJYS,12,Data,True,19416711,11722479,7694232,1840.9999999999998,1111.3999999999999,729.6000000000003,0.0
BCMH,2nd Floor Stack 1 - 1,Q2QW-33JA-DJYS,13,ShoreTel,True,744632,679449,65183,70.1,64.2,5.900000000000003,1675.4000000000003
BCMH,2nd Floor Stack 1 - 1,Q2QW-33JA-DJYS,14,ShoreTel,True,725537,678307,47230,67.59999999999998,64.2,3.4000000000000017,1699.6999999999998
BCMH,2nd Floor Stack 1 - 1,Q2QW-33JA-DJYS,20,ShoreTel,True,743949,678957,64992,70.1,64.2,5.900000000000003,1711.8999999999999
BCMH,2nd Floor Stack 1 - 1,Q2QW-33JA-DJYS,23,ShoreTel,True,368114883,347469212,20645671,34902.50000000001,32944.99999999999,1957.4999999999993,2174.3999999999996
BCMH,2nd Floor Stack 1 - 1,Q2QW-33JA-DJYS,27,ShoreTel Data,True,36880440,21357993,15522447,3496.5,2024.9999999999998,1471.5000000000002,2200.8
BCMH,2nd Floor Stack 1 - 1,Q2QW-33JA-DJYS,28,Data,True,28830008,20061996,8768012,2733.6000000000004,1902.1999999999996,831.3999999999999,0.0
BCMH,2nd Floor Stack 1 - 1,Q2QW-33JA-DJYS,36,Voice and Data,True,22754660,18675581,4079079,2157.4000000000005,1770.7000000000003,386.7,0.0
BCMH,2nd Floor Stack 1 - 1,Q2QW-33JA-DJYS,37,Static,True,3968629,2203917,1764712,376.7,209.10000000000002,167.60000000000002,4996.200000000001
BCMH,2nd Floor Stack 1 - 1,Q2QW-33JA-DJYS,49,,True,3683129826,398442955,3284686871,349215.1,37778.200000000004,311436.9,0.0
BCMH,2nd Floor Stack 1 - 1,Q2QW-33JA-DJYS,53,,True,969967219,870373101,99594118,91967.2,82524.20000000001,9443.0,0.0
BCMH,2nd Floor Stack 1 - 1,Q2QW-33JA-DJYS,54,,True,2059249730,1842008875,217240855,195247.3,174649.9,20597.400000000005,0.0
BCMH,Data Center Stack 1-6,Q2QW-38ME-C8SH,11,iDRAC,True,492403748,492325954,77794,46686.399999999994,46679.799999999996,6.600000000000002,0.0
BCMH,Data Center Stack 1-6,Q2QW-38ME-C8SH,40,Spanning Tree East Wing 1/2/40,True,508040270,466891943,41148327,48170.69999999998,44268.50000000001,3902.199999999995,0.0
BCMH,Data Center Stack 1-6,Q2QW-38ME-C8SH,46,Nimble Eth 4,True,494901858,492770565,2131293,46924.1,46721.899999999994,202.20000000000002,0.0
BCMH,Data Center Stack 1-6,Q2QW-38ME-C8SH,47,Firepower Secondary,True,493255512,492567839,687673,46767.89999999999,46702.6,65.3,0.0
BCMH,Data Center Stack 1-6,Q2QW-38ME-C8SH,53,,True,57136984484,10670803805,46466180679,5417432.500000001,1011750.2000000001,4405682.300000002,0.0
BCMH,Data Center Stack 1-6,Q2QW-38ME-C8SH,54,,True,57140993492,46469252618,10671740874,5417812.5,4405973.8,1011838.7000000002,0.0
BCMH,Radiology 1 Stack 1-4,Q2QW-38W3-E6Y6,1,ShoreTel,True,1182612,819149,363463,112.3,77.89999999999999,34.4,1770.1
BCMH,Radiology 1 Stack 1-4,Q2QW-38W3-E6Y6,2,ShoreTel,True,8326514,5409111,2917403,789.8999999999997,513.1,276.8,0.0
BCMH,Radiology 1 Stack 1-4,Q2QW-38W3-E6Y6,3,ShoreTel,True,462948316,101878,462846438,43894.9,10.199999999999994,43884.7,0.0
BCMH,Radiology 1 Stack 1-4,Q2QW-38W3-E6Y6,4,ShoreTel,True,121067034,109226330,11840704,11478.9,10356.299999999997,1122.6,2174.9
BCMH,Radiology 1 Stack 1-4,Q2QW-38W3-E6Y6,5,ShoreTel,True,16407638,12740292,3667346,1555.7,1207.8999999999999,347.79999999999995,2153.3999999999996
BCMH,Radiology 1 Stack 1-4,Q2QW-38W3-E6Y6,7,ShoreTel,True,780595,615117,165478,73.60000000000001,58.0,15.6,1735.8000000000002
BCMH,Radiology 1 Stack 1-4,Q2QW-38W3-E6Y6,11,ShoreTel,True,13608800,8112047,5496753,1290.5,769.1999999999998,521.2999999999998,0.0
BCMH,Radiology 1 Stack 1-4,Q2QW-38W3-E6Y6,12,ShoreTel,True,578802,513728,65074,54.900000000000006,49.000000000000014,5.900000000000003,1650.4
BCMH,Radiology 1 Stack 1-4,Q2QW-38W3-E6Y6,14,ShoreTel,True,15016278,8163335,6852943,1423.8000000000002,774.2000000000002,649.5999999999998,0.0
BCMH,Radiology 1 Stack 1-4,Q2QW-38W3-E6Y6,15,ShoreTel,True,5483467,4071979,1411488,520.0,386.30000000000007,133.70000000000002,0.0
BCMH,Radiology 1 Stack 1-4,Q2QW-38W3-E6Y6,18,ShoreTel,True,579910,522572,57338,54.80000000000002,49.70000000000001,5.099999999999999,1695.7
BCMH,Radiology 1 Stack 1-4,Q2QW-38W3-E6Y6,19,ShoreTel,True,51655824,42857370,8798454,4897.699999999999,4063.4000000000015,834.3000000000001,2229.1
BCMH,Radiology 1 Stack 1-4,Q2QW-38W3-E6Y6,20,ShoreTel,True,560006,512832,47174,52.40000000000002,49.000000000000014,3.4000000000000017,1692.9000000000003
BCMH,Radiology 1 Stack 1-4,Q2QW-38W3-E6Y6,21,ShoreTel,True,46963730,41292596,5671134,4452.4,3915.0999999999995,537.3,2148.1
BCMH,Radiology 1 Stack 1-4,Q2QW-38W3-E6Y6,22,ShoreTel,True,560182,512931,47251,52.40000000000002,49.000000000000014,3.4000000000000017,1646.6000000000001
BCMH,Radiology 1 Stack 1-4,Q2QW-38W3-E6Y6,23,ShoreTel,True,559995,512826,47169,52.40000000000002,49.000000000000014,3.4000000000000017,1717.3000000000002
BCMH,Radiology 1 Stack 1-4,Q2QW-38W3-E6Y6,24,ShoreTel,True,618329,541451,76878,58.20000000000002,51.500000000000014,6.700000000000001,1647.7000000000003
BCMH,Radiology 1 Stack 1-4,Q2QW-38W3-E6Y6,25,ShoreTel,True,570041,517447,52594,54.20000000000001,49.30000000000001,4.9,1729.3999999999999
BCMH,Radiology 1 Stack 1-4,Q2QW-38W3-E6Y6,26,AVTech Temp Sensor,True,492049,486903,5146,46.29999999999999,46.199999999999996,0.1,1783.2999999999997
BCMH,Radiology 1 Stack 1-4,Q2QW-38W3-E6Y6,28,ShoreTel,True,613549,529752,83797,58.1,50.40000000000002,7.700000000000002,1649.0
BCMH,Radiology 1 Stack 1-4,Q2QW-38W3-E6Y6,34,Static,True,408728,344338,64390,38.7,32.500000000000014,6.200000000000003,0.0
BCMH,Radiology 1 Stack 1-4,Q2QW-38W3-E6Y6,36,ER Cameras,True,19653396,888705,18764691,1862.9999999999998,84.19999999999999,1778.8000000000004,0.0
BCMH,Radiology 1 Stack 1-4,Q2QW-38W3-E6Y6,37,Meraki Camera,True,9413038,2933997,6479041,892.5000000000002,278.09999999999997,614.4,3056.7000000000007
BCMH,Radiology 1 Stack 1-4,Q2QW-38W3-E6Y6,38,Static - Jeff Ultrasound,True,38746825,892411,37854414,3673.8999999999996,84.8,3589.1000000000004,0.0
BCMH,Radiology 1 Stack 1-4,Q2QW-38W3-E6Y6,40,Spanning Tree to Data Cntr 1/1/40,True,508278190,41388411,466889779,48193.0,3924.9999999999955,44268.0,0.0
BCMH,Radiology 1 Stack 1-4,Q2QW-38W3-E6Y6,44,Hillrom,True,1643091,763859,879232,155.0,71.39999999999996,83.60000000000005,0.0
BCMH,Radiology 1 Stack 1-4,Q2QW-38W3-E6Y6,45,ED Parking Lot Camera,True,821622056,26262757,795359299,77902.4,2490.2000000000003,75412.20000000001,3889.1999999999985
BCMH,Radiology 1 Stack 1-4,Q2QW-38W3-E6Y6,48,Wireless AP,True,407550,309292,98258,37.4,28.099999999999984,9.3,0.0
BCMH,Radiology 1 Stack 1-4,Q2QW-38W3-E6Y6,54,,True,1706023907,922520646,783503261,161756.5,87468.5,74288.0,0.0
BCMH,Telco Rm Stack 1-1,Q2QW-397F-6SV2,3,ShoreTel,True,16841749,11434304,5407445,1597.1000000000001,1084.3,512.8,2166.9000000000005
BCMH,Telco Rm Stack 1-1,Q2QW-397F-6SV2,4,ShoreTel,True,1229089,1161803,67286,116.09999999999997,109.9,6.200000000000003,1637.9
BCMH,Telco Rm Stack 1-1,Q2QW-397F-6SV2,5,ShoreTel,True,28891589,20181878,8709711,2739.3999999999996,1913.6999999999998,825.6999999999999,2178.2000000000003
BCMH,Telco Rm Stack 1-1,Q2QW-397F-6SV2,6,ShoreTel,True,676491315,654193719,22297596,64141.399999999994,62027.29999999999,2114.1000000000004,2234.6
BCMH,Telco Rm Stack 1-1,Q2QW-397F-6SV2,7,ShoreTel,True,5420438,4204794,1215644,513.5,398.5,115.0,0.0
BCMH,Telco Rm Stack 1-1,Q2QW-397F-6SV2,8,ShoreTel,True,22966767,15856357,7110410,2177.6,1503.2999999999997,674.3000000000001,2200.7
BCMH,Telco Rm Stack 1-1,Q2QW-397F-6SV2,9,ShoreTel,True,1482959,1289048,193911,140.6,122.40000000000002,18.199999999999996,1746.5999999999997
BCMH,Telco Rm Stack 1-1,Q2QW-397F-6SV2,10,ShoreTel,True,1218802,1166419,52383,114.30000000000001,110.4,3.9000000000000017,1696.4
BCMH,Telco Rm Stack 1-1,Q2QW-397F-6SV2,12,ShoreTel,True,689203302,663739530,25463772,65346.7,62932.49999999998,2414.2000000000003,2286.8
BCMH,Telco Rm Stack 1-1,Q2QW-397F-6SV2,13,ShoreTel,True,1228949,1161836,67113,116.09999999999997,109.9,6.200000000000003,1685.0999999999997
BCMH,Telco Rm Stack 1-1,Q2QW-397F-6SV2,14,ShoreTel,True,1567746,1338854,228892,148.4,126.79999999999998,21.6,1714.6
BCMH,Telco Rm Stack 1-1,Q2QW-397F-6SV2,15,ShoreTel,True,1211282,1163837,47445,115.79999999999997,110.39999999999999,5.400000000000001,1774.5999999999997
BCMH,Telco Rm Stack 1-1,Q2QW-397F-6SV2,16,ShoreTel,True,1463323,1288063,175260,139.2,122.40000000000002,16.799999999999997,1720.4
BCMH,Telco Rm Stack 1-1,Q2QW-397F-6SV2,20,ShoreTel,True,367233317,350078834,17154483,34819.4,33192.70000000001,1626.7,1954.2999999999997
BCMH,Telco Rm Stack 1-1,Q2QW-397F-6SV2,21,ShoreTel,True,31546565,19813153,11733412,2991.1999999999994,1878.5999999999997,1112.6000000000004,2176.9
BCMH,Telco Rm Stack 1-1,Q2QW-397F-6SV2,22,ShoreTel,True,5224123,4175855,1048268,494.8,395.7,99.10000000000001,1916.0999999999997
BCMH,Telco Rm Stack 1-1,Q2QW-397F-6SV2,23,ShoreTel,True,185742911,175448208,10294703,17611.0,16635.2,975.8000000000001,1975.3999999999994
BCMH,Telco Rm Stack 1-1,Q2QW-397F-6SV2,24,ShoreTel,True,59492807,52402941,7089866,5640.7,4968.499999999998,672.2,2137.7999999999997
BCMH,Telco Rm Stack 1-1,Q2QW-397F-6SV2,25,ShoreTel,True,1223641,1167769,55872,115.00000000000003,110.6,4.400000000000001,1689.2
BCMH,Telco Rm Stack 1-1,Q2QW-397F-6SV2,27,ShoreTel,True,1226741,1161710,65031,115.79999999999997,109.9,5.900000000000003,1708.0999999999997
BCMH,Telco Rm Stack 1-1,Q2QW-397F-6SV2,31,ShoreTel,True,1235574,1165260,70314,116.79999999999998,110.3,6.500000000000003,1645.6
BCMH,Telco Rm Stack 1-1,Q2QW-397F-6SV2,32,ShoreTel,True,17516885,12470294,5046591,1660.8000000000002,1182.4,478.3999999999999,0.0
BCMH,Telco Rm Stack 1-1,Q2QW-397F-6SV2,33,ShoreTel,True,1240998,1172203,68795,116.80000000000001,110.89999999999999,5.899999999999997,1661.9999999999998
BCMH,Telco Rm Stack 1-1,Q2QW-397F-6SV2,34,Camera,True,3738124,2206869,1531255,354.4000000000001,209.3,145.10000000000002,4126.099999999999
BCMH,Telco Rm Stack 1-1,Q2QW-397F-6SV2,37,Static,True,363688,341523,22165,34.30000000000001,32.60000000000001,1.7000000000000004,0.0
BCMH,Telco Rm Stack 1-1,Q2QW-397F-6SV2,38,Static,True,736850,620148,116702,69.79999999999998,58.699999999999996,11.100000000000005,0.0
BCMH,Telco Rm Stack 1-1,Q2QW-397F-6SV2,39,Static,True,528885,493004,35881,49.8,46.6,3.2000000000000015,0.0
BCMH,Telco Rm Stack 1-1,Q2QW-397F-6SV2,41,Static,True,365774,364201,1573,34.900000000000006,34.800000000000004,0.1,0.0
BCMH,Telco Rm Stack 1-1,Q2QW-397F-6SV2,43,Static,True,685529,384606,300923,65.2,36.5,28.700000000000006,0.0
BCMH,Telco Rm Stack 1-1,Q2QW-397F-6SV2,48,Rich Hill Uplink,True,1004150250,878751187,125399063,95208.09999999999,83318.5,11889.599999999999,0.0
BCMH,Telco Rm Stack 1-1,Q2QW-397F-6SV2,49,port 49 to 410-18,True,4906722454,559412309,4347310145,465229.8999999999,53040.5,412189.4,0.0
BCMH,Telco Rm Stack 1-1,Q2QW-397F-6SV2,53,,True,1935844630,1605448406,330396224,183546.69999999998,152220.4,31326.299999999996,0.0
BCMH,East Class Room,Q2QW-398G-ARXG,2,Shortel,True,2309174,2100488,208686,218.79999999999995,198.99999999999994,19.8,0.0
BCMH,East Class Room,Q2QW-398G-ARXG,4,Shortel,True,7261654,6256449,1005205,688.3000000000001,593.0,95.3,0.0
BCMH,East Class Room,Q2QW-398G-ARXG,5,Shortel,True,1112006,1045860,66146,104.10000000000001,98.89999999999998,5.1999999999999975,1720.6000000000001
BCMH,East Class Room,Q2QW-398G-ARXG,11,Shortel,True,40208399,38620212,1588187,3812.299999999999,3661.4999999999995,150.79999999999998,0.0
BCMH,East Class Room,Q2QW-398G-ARXG,12,Shortel,True,9673891,8843830,830061,917.1000000000001,838.5,78.6,0.0
BCMH,East Class Room,Q2QW-398G-ARXG,13,Shortel,True,5674693,5070768,603925,537.8000000000002,480.49999999999994,57.300000000000004,0.0
BCMH,East Class Room,Q2QW-398G-ARXG,14,Shortel,True,7522005,6396656,1125349,713.1000000000003,606.3000000000001,106.8,0.0
BCMH,East Class Room,Q2QW-398G-ARXG,15,Shortel,True,1048452,1016881,31571,99.8,96.69999999999997,3.1000000000000014,0.0
BCMH,East Class Room,Q2QW-398G-ARXG,16,Shortel,True,92318622,89381085,2937537,8753.199999999995,8474.699999999997,278.5,0.0
BCMH,East Class Room,Q2QW-398G-ARXG,19,Shortel,True,8885880,8118511,767369,842.6999999999996,769.8999999999997,72.8,0.0
BCMH,East Class Room,Q2QW-398G-ARXG,21,Shortel,True,3647598,3478550,169048,345.59999999999997,329.6,16.0,0.0
BCMH,East Class Room,Q2QW-398G-ARXG,23,Shortel,True,2339096,2129785,209311,221.39999999999995,201.69999999999993,19.700000000000003,0.0
BCMH,East Class Room,Q2QW-398G-ARXG,25,Data 130,True,4894227,4687691,206536,464.19999999999993,444.59999999999997,19.6,0.0
BCMH,East Class Room,Q2QW-398G-ARXG,31,Data 130,True,8718689,8225034,493655,826.5999999999997,779.8999999999997,46.7,0.0
BCMH,East Class Room,Q2QW-398G-ARXG,48,Trk ETH 48 - EWC 1-48,True,681085631,10294153,670791478,64576.9,975.9000000000007,63601.00000000001,0.0
BCMH,Surgery Stack 1-6,Q2QW-3BTX-H7W2,1,ShoreTel,True,1148699,1148699,0,109.29999999999998,109.29999999999998,0.0,0.0
BCMH,Surgery Stack 1-6,Q2QW-3BTX-H7W2,2,ShoreTel,True,855333,789982,65351,81.00000000000001,75.0,6.000000000000003,1699.8
BCMH,Surgery Stack 1-6,Q2QW-3BTX-H7W2,3,ShoreTel,True,75821757,66347764,9473993,7189.2,6290.799999999998,898.4,0.0
BCMH,Surgery Stack 1-6,Q2QW-3BTX-H7W2,4,ShoreTel,True,1806270,1271068,535202,171.39999999999998,120.6,50.8,1900.7
BCMH,Surgery Stack 1-6,Q2QW-3BTX-H7W2,7,ShoreTel,True,18190927,13470452,4720475,1724.6,1277.1,447.49999999999994,0.0
BCMH,Surgery Stack 1-6,Q2QW-3BTX-H7W2,10,ShoreTel,True,892895,809776,83119,84.20000000000003,76.6,7.600000000000001,1763.6000000000001
BCMH,Surgery Stack 1-6,Q2QW-3BTX-H7W2,12,ShoreTel,True,855487,790358,65129,80.9,75.0,5.900000000000003,1701.0999999999997
BCMH,Surgery Stack 1-6,Q2QW-3BTX-H7W2,13,ShoreTel,True,1518743,1122610,396133,143.99999999999997,106.49999999999999,37.5,1753.2
BCMH,Surgery Stack 1-6,Q2QW-3BTX-H7W2,14,ShoreTel,True,859891,792566,67325,81.30000000000001,75.2,6.100000000000002,1698.1
BCMH,Surgery Stack 1-6,Q2QW-3BTX-H7W2,16,ShoreTel,True,1044562,886327,158235,98.79999999999998,84.10000000000001,14.699999999999996,1713.0
BCMH,Surgery Stack 1-6,Q2QW-3BTX-H7W2,18,ShoreTel,True,1044056,883913,160143,98.60000000000001,83.6,15.0,1633.4999999999998
BCMH,Surgery Stack 1-6,Q2QW-3BTX-H7W2,19,ShoreTel,True,31103571,20437094,10666477,2948.9000000000005,1937.7999999999997,1011.0999999999999,2201.6000000000004
BCMH,Surgery Stack 1-6,Q2QW-3BTX-H7W2,21,ShoreTel,True,11287845,7599233,3688612,1070.4,720.5,349.9,0.0
BCMH,Surgery Stack 1-6,Q2QW-3BTX-H7W2,23,ShoreTel,True,10074206,8768992,1305214,955.1,831.4000000000001,123.69999999999999,0.0
BCMH,Surgery Stack 1-6,Q2QW-3BTX-H7W2,24,ShoreTel,True,13464568,7303452,6161116,1276.3000000000002,692.4,583.9,0.0
BCMH,Surgery Stack 1-6,Q2QW-3BTX-H7W2,40,Spanning Tree to Data Cntr 1/2/40,True,488734373,21841813,466892560,46339.99999999999,2071.599999999995,44268.4,0.0
BCMH,Surgery Stack 1-6,Q2QW-3BTX-H7W2,41,Static,True,26189251,13129902,13059349,2483.0999999999995,1244.9,1238.2,0.0
BCMH,Surgery Stack 1-6,Q2QW-3BTX-H7W2,42,Static,True,896529,854425,42104,84.0,80.90000000000002,3.1000000000000014,0.0
BCMH,Surgery Stack 1-6,Q2QW-3BTX-H7W2,44,FireLake Controller,True,18533113,5585982,12947131,1757.2,529.6999999999998,1227.5,0.0
BCMH,Surgery Stack 1-6,Q2QW-3BTX-H7W2,48,Wireless Ap,True,111328309,103205708,8122601,10556.0,9785.699999999999,770.3000000000002,4448.7
BCMH,Surgery Stack 1-6,Q2QW-3BTX-H7W2,53,,True,2697196538,230112563,2467083975,255734.59999999995,21818.4,233916.2,0.0
BCMH,Surgery Stack 1-6,Q2QW-3BTX-H7W2,54,,True,2459852181,2277875101,181977080,233230.50000000006,215976.30000000008,17254.199999999997,0.0
BCMH,Surgery Stack 1-3,Q2QW-3CG6-95SR,1,ShoreTel,True,858384,790634,67750,81.50000000000001,75.2,6.3000000000000025,1731.4999999999998
BCMH,Surgery Stack 1-3,Q2QW-3CG6-95SR,2,ShoreTel,True,89456703,79189128,10267575,8482.100000000004,7508.299999999998,973.8000000000002,2194.8
BCMH,Surgery Stack 1-3,Q2QW-3CG6-95SR,3,ShoreTel,True,42399283,28172955,14226328,4019.9999999999995,2671.2,1348.8,2181.8
BCMH,Surgery Stack 1-3,Q2QW-3CG6-95SR,4,ShoreTel,True,29814360,24644690,5169670,2827.0000000000005,2336.8,490.20000000000005,0.0
BCMH,Surgery Stack 1-3,Q2QW-3CG6-95SR,5,OPC MFP,True,3044625,2867167,177458,288.49999999999994,271.70000000000005,16.8,0.0
BCMH,Surgery Stack 1-3,Q2QW-3CG6-95SR,6,ShoreTel,True,28304567,22719641,5584926,2683.6000000000004,2154.0,529.6,0.0
BCMH,Surgery Stack 1-3,Q2QW-3CG6-95SR,7,ShoreTel,True,871591,798177,73414,82.2,75.69999999999997,6.5000000000000036,1718.3999999999996
BCMH,Surgery Stack 1-3,Q2QW-3CG6-95SR,8,ShoreTel,True,32924254,26309775,6614479,3122.1,2494.7,627.4,0.0
BCMH,Surgery Stack 1-3,Q2QW-3CG6-95SR,9,ShoreTel,True,874810,798485,76325,82.80000000000001,75.69999999999997,7.100000000000001,1712.1000000000001
BCMH,Surgery Stack 1-3,Q2QW-3CG6-95SR,10,ShoreTel,True,30103540,24052897,6050643,2854.6,2280.6999999999994,573.9,0.0
BCMH,Surgery Stack 1-3,Q2QW-3CG6-95SR,11,ShoreTel,True,1028167,876093,152074,97.30000000000001,83.1,14.199999999999992,1708.9999999999998
BCMH,Surgery Stack 1-3,Q2QW-3CG6-95SR,12,ShoreTel,True,30143986,24404984,5739002,2857.9999999999995,2313.9,544.0999999999999,0.0
BCMH,Surgery Stack 1-3,Q2QW-3CG6-95SR,13,ShoreTel,True,100394615,92544570,7850045,9518.9,8774.500000000002,744.4,2171.5000000000005
BCMH,Surgery Stack 1-3,Q2QW-3CG6-95SR,15,ShoreTel,True,32436245,25900106,6536139,3075.6,2455.7999999999997,619.8,0.0
BCMH,Surgery Stack 1-3,Q2QW-3CG6-95SR,16,ShoreTel,True,941084,832762,108322,89.0,78.9,10.100000000000003,1702.3
BCMH,Surgery Stack 1-3,Q2QW-3CG6-95SR,17,ShoreTel,True,31473411,25724930,5748481,2984.0,2439.1,544.9,0.0
BCMH,Surgery Stack 1-3,Q2QW-3CG6-95SR,18,ShoreTel,True,28732483,24193162,4539321,2724.1,2293.7,430.40000000000015,0.0
BCMH,Surgery Stack 1-3,Q2QW-3CG6-95SR,19,ShoreTel,True,25315914,15940729,9375185,2400.5,1511.5,889.0000000000001,2258.0000000000005
BCMH,Surgery Stack 1-3,Q2QW-3CG6-95SR,20,ShoreTel,True,866252,795758,70494,81.79999999999998,75.49999999999999,6.300000000000001,1748.3999999999999
BCMH,Surgery Stack 1-3,Q2QW-3CG6-95SR,22,ShoreTel,True,29718893,24687702,5031191,2817.7,2340.7000000000007,476.99999999999994,2123.2999999999997
BCMH,Surgery Stack 1-3,Q2QW-3CG6-95SR,23,ShoreTel,True,865766,795157,70609,81.7,75.49999999999999,6.200000000000002,1726.2
BCMH,Surgery Stack 1-3,Q2QW-3CG6-95SR,25,Shortel PC,True,80705028,74058987,6646041,7652.099999999998,7021.799999999998,630.3000000000001,2154.0000000000005
BCMH,Surgery Stack 1-3,Q2QW-3CG6-95SR,28,Data 130,True,3657299,3657299,0,346.9,346.9,0.0,0.0
BCMH,Surgery Stack 1-3,Q2QW-3CG6-95SR,30,Data 130,True,11202028,9629006,1573022,1061.6,912.7,148.89999999999998,0.0
BCMH,Surgery Stack 1-3,Q2QW-3CG6-95SR,34,Data 130,True,14947475,11449237,3498238,1417.1000000000001,1085.4999999999998,331.59999999999997,0.0
BCMH,Surgery Stack 1-3,Q2QW-3CG6-95SR,36,LabCorp,True,50747037,35436526,15310511,4811.499999999998,3359.7,1451.7999999999995,0.0
BCMH,Surgery Stack 1-3,Q2QW-3CG6-95SR,37,Static - Talis,True,1740283,1478402,261881,165.80000000000004,140.39999999999998,25.40000000000001,0.0
BCMH,Surgery Stack 1-3,Q2QW-3CG6-95SR,38,Static - Taycon BACNet,True,1152056,723742,428314,109.4,68.70000000000002,40.699999999999996,0.0
BCMH,Surgery Stack 1-3,Q2QW-3CG6-95SR,39,Maintenance Mike,True,442001,396614,45387,40.500000000000014,37.4,3.1000000000000014,0.0
BCMH,Surgery Stack 1-3,Q2QW-3CG6-95SR,40,Static - Taycon BACNet,True,2540979,1396379,1144600,240.7,132.5,108.20000000000002,0.0
BCMH,Surgery Stack 1-3,Q2QW-3CG6-95SR,42,Static - Taycon BACNet,True,920173,606397,313776,87.20000000000002,57.399999999999984,29.800000000000004,0.0
BCMH,Surgery Stack 1-3,Q2QW-3CG6-95SR,47,Wireless AP,True,407835,309469,98366,37.4,28.099999999999984,9.3,0.0
BCMH,Surgery Stack 1-3,Q2QW-3CG6-95SR,48,Wireless AP,True,115740165,107071288,8668877,10974.1,10152.1,822.0,4445.700000000002
BCMH,Surgery Stack 1-3,Q2QW-3CG6-95SR,53,,True,93734968,44436079,49298889,8887.599999999999,4213.2,4674.399999999999,0.0
BCMH,Surgery Stack 1-3,Q2QW-3CG6-95SR,54,,True,800265116,131670433,668594683,75876.99999999999,12484.499999999998,63392.49999999999,0.0
BCMH,Rich Hill,Q2QW-3CJN-4EEL,3,ShorTel,True,18569466,12342616,6226850,1760.6999999999998,1170.3,590.4,0.0
BCMH,Rich Hill,Q2QW-3CJN-4EEL,4,ShorTel,True,51993726,34665690,17328036,4929.5999999999985,3286.800000000001,1642.8000000000002,2038.1999999999998
BCMH,Rich Hill,Q2QW-3CJN-4EEL,5,ShorTel,True,19624236,13332673,6291563,1860.7000000000003,1264.3000000000004,596.4,0.0
BCMH,Rich Hill,Q2QW-3CJN-4EEL,6,ShorTel,True,377240546,359919874,17320672,35768.1,34125.9,1642.2,2083.6000000000004
BCMH,Rich Hill,Q2QW-3CJN-4EEL,7,ShorTel,True,21554704,14099919,7454785,2043.8999999999996,1336.9,707.0000000000001,0.0
BCMH,Rich Hill,Q2QW-3CJN-4EEL,8,ShorTel,True,20411997,12751982,7660015,1935.3,1208.8999999999999,726.4000000000001,0.0
BCMH,Rich Hill,Q2QW-3CJN-4EEL,9,ShorTel,True,30246453,14223804,16022649,2867.800000000001,1348.8999999999999,1518.9000000000005,2276.9
BCMH,Rich Hill,Q2QW-3CJN-4EEL,10,ShorTel,True,22293260,14632059,7661201,2113.9,1387.5,726.4,0.0
BCMH,Rich Hill,Q2QW-3CJN-4EEL,11,ShorTel,True,727868,627249,100619,68.89999999999998,59.39999999999998,9.500000000000002,1706.7000000000003
BCMH,Rich Hill,Q2QW-3CJN-4EEL,12,ShorTel,True,12710523,3902353,8808170,1204.6999999999998,369.70000000000005,835.0000000000002,0.0
BCMH,Rich Hill,Q2QW-3CJN-4EEL,13,ShorTel,True,41088429,27403240,13685189,3895.5,2598.0999999999995,1297.4,2173.2
BCMH,Rich Hill,Q2QW-3CJN-4EEL,14,ShorTel,True,393145,369282,23863,36.99999999999999,34.8,2.1999999999999997,0.0
BCMH,Rich Hill,Q2QW-3CJN-4EEL,16,ShorTel,True,17168847,12293095,4875752,1628.1000000000001,1165.8000000000002,462.29999999999995,0.0
BCMH,Rich Hill,Q2QW-3CJN-4EEL,17,ShorTel,True,13120088,8548661,4571427,1244.2000000000003,810.6000000000003,433.59999999999997,0.0
BCMH,Rich Hill,Q2QW-3CJN-4EEL,18,ShorTel,True,16722080,11384058,5338022,1585.7,1079.5000000000002,506.19999999999993,0.0
BCMH,Rich Hill,Q2QW-3CJN-4EEL,19,ShorTel,True,1599619,1068536,531083,151.3,101.19999999999997,50.099999999999994,1765.3999999999999
BCMH,Rich Hill,Q2QW-3CJN-4EEL,25,ShorTel,True,1547961,1476576,71385,146.5,139.9,6.599999999999999,0.0
BCMH,Rich Hill,Q2QW-3CJN-4EEL,26,ShorTel,True,1393179,1253556,139623,132.79999999999998,119.30000000000001,13.499999999999998,0.0
BCMH,Rich Hill,Q2QW-3CJN-4EEL,27,AVTech Temp Monitor,True,549615,546110,3505,51.800000000000004,51.800000000000004,0.0,0.0
BCMH,Rich Hill,Q2QW-3CJN-4EEL,36,Camera System,True,1478771,957019,521752,140.4,90.8,49.60000000000002,0.0
BCMH,Rich Hill,Q2QW-3CJN-4EEL,46,Voice Vlan ShoreTel,True,3623175,2048290,1574885,343.50000000000006,194.20000000000002,149.29999999999998,0.0
BCMH,Rich Hill,Q2QW-3CJN-4EEL,47,Rich Hill Wireless AP,True,40236845,30759781,9477064,3814.6,2916.2,898.3999999999997,4285.3
BCMH,Rich Hill,Q2QW-3CJN-4EEL,48,Uplink to Butler,True,877496106,129726580,747769526,83199.80000000002,12300.099999999999,70899.7,0.0
BCMH,Telco Rm Stack 2-4,Q2QW-3CK8-KUWN,1,Data 130,True,31629182,22986972,8642210,2998.6999999999994,2179.5,819.2000000000002,0.0
BCMH,Telco Rm Stack 2-4,Q2QW-3CK8-KUWN,5,Data 130,True,4737835,3619828,1118007,449.20000000000005,343.3,105.89999999999999,0.0
BCMH,Telco Rm Stack 2-4,Q2QW-3CK8-KUWN,7,Data 130,True,58112360,49824615,8287745,5509.599999999999,4724.100000000001,785.5000000000001,0.0
BCMH,Telco Rm Stack 2-4,Q2QW-3CK8-KUWN,8,Data 130,True,23037889,18710005,4327884,2184.2999999999997,1774.1,410.20000000000005,0.0
BCMH,Telco Rm Stack 2-4,Q2QW-3CK8-KUWN,11,Data 130,True,16811077,13688205,3122872,1594.1000000000001,1297.8999999999999,296.2,0.0
BCMH,Telco Rm Stack 2-4,Q2QW-3CK8-KUWN,16,Data 130,True,30295632,21313443,8982189,2872.7,2020.7999999999995,851.9000000000001,0.0
BCMH,Telco Rm Stack 2-4,Q2QW-3CK8-KUWN,18,Shortel,True,55540865,23867928,31672937,5266.199999999999,2263.2000000000003,3002.9999999999995,0.0
BCMH,Telco Rm Stack 2-4,Q2QW-3CK8-KUWN,26,AVTech Pharmacy Core,True,386766,376695,10071,36.1,35.4,0.7,0.0
BCMH,Telco Rm Stack 2-4,Q2QW-3CK8-KUWN,31,Pyxis C2 safe,True,5554443,3105812,2448631,526.0,294.1,231.9,0.0
BCMH,Telco Rm Stack 2-4,Q2QW-3CK8-KUWN,32,ScottCare Pulmonary,True,3985793,3541320,444473,377.9,335.8,42.1,0.0
BCMH,Telco Rm Stack 2-4,Q2QW-3CK8-KUWN,34,AVTech Pharmacy IV,True,382046,375807,6239,35.6,35.300000000000004,0.3,0.0
BCMH,Telco Rm Stack 2-4,Q2QW-3CK8-KUWN,36,Data 130,True,50382644,37500423,12882221,4776.800000000001,3555.4999999999995,1221.3,0.0
BCMH,Telco Rm Stack 2-4,Q2QW-3CK8-KUWN,37,Compliance and Printer,True,641957,545319,96638,60.80000000000001,51.49999999999999,9.3,2215.3
BCMH,Telco Rm Stack 2-4,Q2QW-3CK8-KUWN,39,Data 130,True,20296168,17267884,3028284,1924.1999999999998,1637.2999999999997,286.90000000000003,0.0
BCMH,Telco Rm Stack 2-4,Q2QW-3CK8-KUWN,40,Data 130,True,17764012,13115263,4648749,1684.5000000000002,1243.8,440.69999999999993,0.0
BCMH,Telco Rm Stack 2-4,Q2QW-3CK8-KUWN,41,Shortel,True,1349223,1224841,124382,127.79999999999998,116.2,11.599999999999998,1726.7
BCMH,Telco Rm Stack 2-4,Q2QW-3CK8-KUWN,44,HIM MFP,True,1545070,1463986,81084,146.50000000000003,138.80000000000007,7.699999999999999,0.0
BCMH,Telco Rm Stack 2-4,Q2QW-3CK8-KUWN,45,Data,True,32975913,24520410,8455503,3126.4999999999995,2324.7,801.8000000000002,2327.3
BCMH,Telco Rm Stack 2-4,Q2QW-3CK8-KUWN,48,Wireless APs,True,605020511,589171501,15849010,57365.00000000001,55862.200000000004,1502.8000000000002,4613.700000000001
BCMH,Telco Rm Stack 2-4,Q2QW-3CK8-KUWN,53,,True,1084968220,954948028,130020192,102870.79999999999,90543.20000000001,12327.6,0.0
BCMH,Telco Rm Stack 2-4,Q2QW-3CK8-KUWN,54,,True,1521343830,252413578,1268930252,144245.8,23932.300000000003,120313.50000000001,0.0
BCMH,2nd Floor Stack 1 - 3,Q2QW-3CLZ-8BRX,1,ShoreTel,True,50802865,43257976,7544889,4816.700000000001,4101.200000000001,715.4999999999999,0.0
BCMH,2nd Floor Stack 1 - 3,Q2QW-3CLZ-8BRX,8,ShoreTel,True,14207347,9345488,4861859,1347.3,886.0999999999999,461.2,2221.2999999999993
BCMH,2nd Floor Stack 1 - 3,Q2QW-3CLZ-8BRX,9,ShoreTel (Hillrom staging),True,11724575,10339634,1384941,1111.5,980.3000000000001,131.2,0.0
BCMH,2nd Floor Stack 1 - 3,Q2QW-3CLZ-8BRX,10,ShoreTel,True,771785,701252,70533,72.89999999999999,66.59999999999998,6.299999999999998,1662.5000000000002
BCMH,2nd Floor Stack 1 - 3,Q2QW-3CLZ-8BRX,11,ShoreTel,True,31332596,23522772,7809824,2970.5000000000005,2230.1,740.3999999999997,2234.2000000000003
BCMH,2nd Floor Stack 1 - 3,Q2QW-3CLZ-8BRX,15,ShoreTel,True,38920031,27023353,11896678,3690.1999999999994,2562.2000000000003,1128.0,2186.5000000000005
BCMH,2nd Floor Stack 1 - 3,Q2QW-3CLZ-8BRX,19,ShoreTel,True,29894596,24642337,5252259,2834.7000000000003,2336.6999999999994,498.0,0.0
BCMH,2nd Floor Stack 1 - 3,Q2QW-3CLZ-8BRX,20,ShoreTel,True,28422698,22801837,5620861,2695.4,2162.2,533.1999999999999,0.0
BCMH,2nd Floor Stack 1 - 3,Q2QW-3CLZ-8BRX,22,ShoreTel,True,751288,682126,69162,70.4,64.49999999999999,5.900000000000003,1988.6999999999998
BCMH,2nd Floor Stack 1 - 3,Q2QW-3CLZ-8BRX,24,ShoreTel,True,14740488,11484232,3256256,1397.8,1088.9999999999998,308.8,1863.3
BCMH,2nd Floor Stack 1 - 3,Q2QW-3CLZ-8BRX,26,Data,True,25064835,16974537,8090298,2376.6000000000004,1609.3999999999999,767.1999999999998,2252.7999999999997
BCMH,2nd Floor Stack 1 - 3,Q2QW-3CLZ-8BRX,28,Data,True,28270010,24005269,4264741,2680.2000000000007,2276.0,404.20000000000005,0.0
BCMH,2nd Floor Stack 1 - 3,Q2QW-3CLZ-8BRX,29,ShoreTel,True,754151,683924,70227,70.9,64.79999999999998,6.100000000000002,1706.8000000000002
BCMH,2nd Floor Stack 1 - 3,Q2QW-3CLZ-8BRX,30,ShoreTel,True,24199695,18472186,5727509,2294.5999999999995,1751.8,542.8000000000001,2246.5000000000005
BCMH,2nd Floor Stack 1 - 3,Q2QW-3CLZ-8BRX,34,Data,True,26290826,22535668,3755158,2493.0,2136.8,356.20000000000005,0.0
BCMH,2nd Floor Stack 1 - 3,Q2QW-3CLZ-8BRX,35,Voice and Data,True,776558,699766,76792,73.39999999999998,66.1,7.300000000000002,1745.7
BCMH,2nd Floor Stack 1 - 3,Q2QW-3CLZ-8BRX,47,Wireless AP,True,707094887,683449006,23645881,67042.90000000002,64801.10000000001,2241.8,4486.6
BCMH,2nd Floor Stack 1 - 3,Q2QW-3CLZ-8BRX,53,,True,1336400527,123274024,1213126503,126710.4,11688.2,115022.19999999998,0.0
BCMH,2nd Floor Stack 1 - 3,Q2QW-3CLZ-8BRX,54,,True,812395863,783041599,29354264,77027.49999999999,74244.2,2783.2999999999997,0.0
BCMH,Surgery Stack 1-2,Q2QW-3CMT-RJR5,1,ShoreTel,True,35106539,25325490,9781049,3328.3999999999996,2401.1000000000004,927.2999999999998,2187.1
BCMH,Surgery Stack 1-2,Q2QW-3CMT-RJR5,2,ShoreTel,True,1338130,1038778,299352,126.69999999999996,98.3,28.399999999999995,1820.7
BCMH,Surgery Stack 1-2,Q2QW-3CMT-RJR5,3,ShoreTel,True,858161,794636,63525,81.29999999999997,75.49999999999999,5.8,1726.7999999999997
BCMH,Surgery Stack 1-2,Q2QW-3CMT-RJR5,4,ShoreTel,True,1127739,934013,193726,106.99999999999999,88.20000000000002,18.799999999999997,1756.0000000000002
BCMH,Surgery Stack 1-2,Q2QW-3CMT-RJR5,5,ShoreTel,True,1218389,971003,247386,115.39999999999999,92.00000000000001,23.4,1711.2000000000003
BCMH,Surgery Stack 1-2,Q2QW-3CMT-RJR5,9,ShoreTel,True,3165818,1956170,1209648,300.6,185.60000000000002,115.00000000000003,1789.1000000000001
BCMH,Surgery Stack 1-2,Q2QW-3CMT-RJR5,10,ShoreTel,True,11778214,8399710,3378504,1116.4999999999998,796.1,320.4,0.0
BCMH,Surgery Stack 1-2,Q2QW-3CMT-RJR5,11,ShoreTel,True,296246441,282340830,13905611,28088.800000000003,26770.3,1318.5,2174.4
BCMH,Surgery Stack 1-2,Q2QW-3CMT-RJR5,12,ShoreTel,True,852938,794202,58736,80.5,75.1,5.400000000000001,1704.1000000000001
BCMH,Surgery Stack 1-2,Q2QW-3CMT-RJR5,14,ShoreTel,True,855358,790368,64990,80.9,75.0,5.900000000000003,1657.8999999999999
BCMH,Surgery Stack 1-2,Q2QW-3CMT-RJR5,16,ShoreTel,True,18763196,13558000,5205196,1779.1999999999998,1285.4999999999998,493.7,2185.6
BCMH,Surgery Stack 1-2,Q2QW-3CMT-RJR5,17,ShoreTel,True,855369,790348,65021,80.9,75.0,5.900000000000003,1741.0
BCMH,Surgery Stack 1-2,Q2QW-3CMT-RJR5,20,ShoreTel,True,850636,790159,60477,80.09999999999998,74.9,5.199999999999999,1623.3999999999996
BCMH,Surgery Stack 1-2,Q2QW-3CMT-RJR5,21,ACU 1st Flr,True,3792301,1776810,2015491,359.3999999999999,168.2,191.2,0.0
BCMH,Surgery Stack 1-2,Q2QW-3CMT-RJR5,22,ShoreTel,True,855403,790371,65032,80.9,75.0,5.900000000000003,1721.8
BCMH,Surgery Stack 1-2,Q2QW-3CMT-RJR5,23,ShoreTel,True,848920,790153,58767,79.89999999999998,74.9,4.999999999999998,1696.7
BCMH,Surgery Stack 1-2,Q2QW-3CMT-RJR5,24,ShoreTel,True,30411960,19657875,10754085,2883.8999999999996,1864.1999999999998,1019.6999999999999,0.0
BCMH,Surgery Stack 1-2,Q2QW-3CMT-RJR5,25,Data 107 -Open Path ACU1,True,3576527,1883290,1693237,339.00000000000006,178.60000000000002,160.39999999999998,0.0
BCMH,Surgery Stack 1-2,Q2QW-3CMT-RJR5,27,Data 130,True,32679915,22386279,10293636,3098.2000000000003,2122.5,975.6999999999998,0.0
BCMH,Surgery Stack 1-2,Q2QW-3CMT-RJR5,30,Data 130,True,112018,25456,86562,10.6,2.4,8.2,0.0
BCMH,Surgery Stack 1-2,Q2QW-3CMT-RJR5,32,Data 130,True,88034042,53956388,34077654,8346.8,5115.899999999999,3230.8999999999996,0.0
BCMH,Surgery Stack 1-2,Q2QW-3CMT-RJR5,34,Data 130,True,12883853,11072034,1811819,1221.3000000000002,1049.6000000000001,171.70000000000005,0.0
BCMH,Surgery Stack 1-2,Q2QW-3CMT-RJR5,35,Static,True,490764,431087,59677,46.89999999999999,41.099999999999994,5.8000000000000025,0.0
BCMH,Surgery Stack 1-2,Q2QW-3CMT-RJR5,36,Static,True,753466,712768,40698,70.6,67.49999999999999,3.1000000000000014,0.0
BCMH,Surgery Stack 1-2,Q2QW-3CMT-RJR5,37,Static,True,1582439,1537253,45186,149.60000000000002,145.80000000000004,3.8000000000000016,0.0
BCMH,Surgery Stack 1-2,Q2QW-3CMT-RJR5,38,Static,True,1158297,925226,233071,109.70000000000002,87.79999999999998,21.900000000000006,0.0
BCMH,Surgery Stack 1-2,Q2QW-3CMT-RJR5,46,Static,True,7831456,5941771,1889685,742.5,563.4999999999999,179.0,0.0
BCMH,Surgery Stack 1-2,Q2QW-3CMT-RJR5,47,Wireless AP,True,105614386,96797378,8817008,10013.6,9177.799999999997,835.8,4513.700000000001
BCMH,Surgery Stack 1-2,Q2QW-3CMT-RJR5,53,,True,800190504,668546522,131643982,75869.79999999999,63388.09999999999,12481.7,0.0
BCMH,Surgery Stack 1-2,Q2QW-3CMT-RJR5,54,,True,1418073692,244326545,1173747147,134454.5,23165.7,111288.79999999999,0.0
BCMH,Surgery Stack 1-5,Q2QW-3CNC-BMJG,6,ShoreTel,True,183924016,175501562,8422454,17438.500000000004,16640.100000000002,798.4,3906.0000000000005
BCMH,Surgery Stack 1-5,Q2QW-3CNC-BMJG,8,ShoreTel,True,756674,756674,0,71.80000000000001,71.80000000000001,0.0,3265.2000000000003
BCMH,Surgery Stack 1-5,Q2QW-3CNC-BMJG,10,ShoreTel,True,769725,759484,10241,72.80000000000003,72.10000000000002,0.7,1486.4
BCMH,Surgery Stack 1-5,Q2QW-3CNC-BMJG,12,ShoreTel,True,359856164,344851919,15004245,34119.9,32697.100000000002,1422.7999999999995,0.0
BCMH,Surgery Stack 1-5,Q2QW-3CNC-BMJG,13,ShoreTel,True,854067,791899,62168,80.69999999999997,75.1,5.6,1675.8
BCMH,Surgery Stack 1-5,Q2QW-3CNC-BMJG,35,Nutrition Services Clerk,True,481349,440250,41099,44.699999999999996,41.599999999999994,3.1000000000000014,0.0
BCMH,Surgery Stack 1-5,Q2QW-3CNC-BMJG,37,Surgery GI Lab,True,611578,535790,75788,56.899999999999984,50.600000000000016,6.300000000000003,0.0
BCMH,Surgery Stack 1-5,Q2QW-3CNC-BMJG,42,Static,True,7033871,5107399,1926472,667.1,484.5,182.59999999999997,0.0
BCMH,Surgery Stack 1-5,Q2QW-3CNC-BMJG,47,Wireless AP,True,460659258,432239663,28419595,43677.4,40982.700000000004,2694.6999999999994,4502.9
BCMH,Surgery Stack 1-5,Q2QW-3CNC-BMJG,53,,True,2460238059,181961482,2278276577,233267.29999999996,17252.600000000006,216014.69999999998,0.0
BCMH,Surgery Stack 1-5,Q2QW-3CNC-BMJG,54,,True,1464623233,1355036900,109586333,138867.69999999998,128477.39999999998,10390.300000000001,0.0
BCMH,Surgery Stack 1-1,Q2QW-3CZS-3LES,2,ShoerTel,True,187886324,178250348,9635976,17813.899999999998,16900.699999999997,913.1999999999999,0.0
BCMH,Surgery Stack 1-1,Q2QW-3CZS-3LES,3,ShoerTel,True,758796,758297,499,72.00000000000003,72.00000000000003,0.0,0.0
BCMH,Surgery Stack 1-1,Q2QW-3CZS-3LES,5,ShoerTel,True,1998976,1368802,630174,189.29999999999995,129.70000000000002,59.600000000000016,1758.9999999999995
BCMH,Surgery Stack 1-1,Q2QW-3CZS-3LES,6,ShoerTel,True,22238723,15170110,7068613,2108.8,1438.4999999999998,670.3,0.0
BCMH,Surgery Stack 1-1,Q2QW-3CZS-3LES,8,ShoreTel,True,1491681,792172,699509,141.7,75.1,66.60000000000002,3108.7
BCMH,Surgery Stack 1-1,Q2QW-3CZS-3LES,9,ShoerTel,True,939905,831883,108022,88.50000000000003,78.59999999999998,9.900000000000002,1633.7000000000003
BCMH,Surgery Stack 1-1,Q2QW-3CZS-3LES,12,ShoerTel,True,221646022,205930357,15715665,21015.199999999997,19525.3,1489.8999999999999,0.0
BCMH,Surgery Stack 1-1,Q2QW-3CZS-3LES,16,ShoerTel,True,863838,764667,99171,81.80000000000001,72.30000000000003,9.499999999999996,2224.9
BCMH,Surgery Stack 1-1,Q2QW-3CZS-3LES,17,ShoerTel,True,855291,790297,64994,80.9,75.0,5.900000000000003,1709.6999999999998
BCMH,Surgery Stack 1-1,Q2QW-3CZS-3LES,18,ShoerTel,True,857686,791528,66158,80.9,75.0,5.900000000000003,1702.1999999999998
BCMH,Surgery Stack 1-1,Q2QW-3CZS-3LES,19,ShoerTel,True,859778,793142,66636,81.4,75.3,6.100000000000002,1622.6000000000006
BCMH,Surgery Stack 1-1,Q2QW-3CZS-3LES,20,ShoerTel,True,35700498,29670330,6030168,3385.4000000000005,2813.5,571.9,0.0
BCMH,Surgery Stack 1-1,Q2QW-3CZS-3LES,21,ShoerTel,True,858093,791702,66391,81.4,75.19999999999999,6.200000000000003,1708.1000000000001
BCMH,Surgery Stack 1-1,Q2QW-3CZS-3LES,23,ShoerTel,True,855417,790371,65046,80.9,75.0,5.900000000000003,1698.6999999999998
BCMH,Surgery Stack 1-1,Q2QW-3CZS-3LES,24,ShoerTel,True,1200883,962739,238144,113.59999999999998,91.30000000000001,22.29999999999999,1683.8
BCMH,Surgery Stack 1-1,Q2QW-3CZS-3LES,26,Data 130,True,5234191,4844096,390095,496.00000000000006,459.2000000000001,36.800000000000004,0.0
BCMH,Surgery Stack 1-1,Q2QW-3CZS-3LES,30,Data 130,True,44068099,37031049,7037050,4178.6,3511.3,667.3000000000001,0.0
BCMH,Surgery Stack 1-1,Q2QW-3CZS-3LES,31,AVTech Temp Sensor,True,765098,760003,5095,72.20000000000003,72.10000000000002,0.1,1730.9000000000003
BCMH,Surgery Stack 1-1,Q2QW-3CZS-3LES,36,Static,True,2078604,1331961,746643,196.90000000000003,126.2,70.69999999999999,0.0
BCMH,Surgery Stack 1-1,Q2QW-3CZS-3LES,37,Static - Talis,True,1692525,1428626,263899,161.00000000000003,135.49999999999997,25.500000000000007,0.0
BCMH,Surgery Stack 1-1,Q2QW-3CZS-3LES,38,Static - Talis,True,2593482,1973283,620199,246.29999999999998,187.1,59.199999999999974,0.0
BCMH,Surgery Stack 1-1,Q2QW-3CZS-3LES,40,Static - Talis,True,1305336,1047532,257804,123.9,99.1,24.800000000000008,0.0
BCMH,Surgery Stack 1-1,Q2QW-3CZS-3LES,45,Employee Entrance Camera,True,131358963,7435490,123923473,12454.799999999997,705.0,11749.800000000003,2939.1999999999994
BCMH,Surgery Stack 1-1,Q2QW-3CZS-3LES,47,Wireless AP,True,632127980,590924963,41203017,59934.89999999999,56028.4,3906.5,4596.799999999999
BCMH,Surgery Stack 1-1,Q2QW-3CZS-3LES,48,Wireless AP,True,407354,309087,98267,37.4,28.099999999999984,9.3,0.0
BCMH,Surgery Stack 1-1,Q2QW-3CZS-3LES,49,,True,5716296446,648613241,5067683205,541989.7,61498.00000000001,480491.7,0.0
BCMH,Surgery Stack 1-1,Q2QW-3CZS-3LES,53,,True,1418207326,1173828773,244378553,134467.0,111296.4,23170.599999999995,0.0
BCMH,Surgery Stack 1-1,Q2QW-3CZS-3LES,54,,True,2697240836,2467128251,230112585,255738.19999999995,233920.4,21817.8,0.0
BCMH,Surgery Stack 1-4,Q2QW-3D4X-35EN,2,ShoreTel,True,1852929,824268,1028661,175.70000000000002,78.09999999999998,97.6,2607.0999999999995
BCMH,Surgery Stack 1-4,Q2QW-3D4X-35EN,3,ShoreTel,True,26433738,21989239,4444499,2506.3999999999996,2084.8,421.5999999999999,0.0
BCMH,Surgery Stack 1-4,Q2QW-3D4X-35EN,4,ShoreTel,True,13197006,7637554,5559452,1251.2000000000005,724.2,527.0,0.0
BCMH,Surgery Stack 1-4,Q2QW-3D4X-35EN,5,ShoreTel,True,30556120,23685500,6870620,2896.9999999999995,2245.600000000001,651.3999999999999,0.0
BCMH,Surgery Stack 1-4,Q2QW-3D4X-35EN,7,ShoreTel,True,8087923,5685466,2402457,766.6999999999999,539.0000000000001,227.70000000000002,0.0
BCMH,Surgery Stack 1-4,Q2QW-3D4X-35EN,8,Talis,True,2682598,2046110,636488,253.99999999999997,194.40000000000003,59.59999999999997,0.0
BCMH,Surgery Stack 1-4,Q2QW-3D4X-35EN,9,ShoreTel,True,1448912,791049,657863,137.0,74.89999999999999,62.1,2458.5
BCMH,Surgery Stack 1-4,Q2QW-3D4X-35EN,10,ShoreTel,True,37670791,28072025,9598766,3571.4,2661.7,909.7000000000002,2233.0999999999995
BCMH,Surgery Stack 1-4,Q2QW-3D4X-35EN,12,ShoreTel,True,848744354,826496472,22247882,80473.19999999998,78364.00000000003,2109.2000000000003,2122.100000000001
BCMH,Surgery Stack 1-4,Q2QW-3D4X-35EN,14,ShoreTel,True,856456,798424,58032,80.59999999999997,75.70000000000002,4.899999999999999,1726.2999999999997
BCMH,Surgery Stack 1-4,Q2QW-3D4X-35EN,15,ShoreTel,True,866836,796257,70579,82.00000000000001,75.5,6.500000000000003,1720.1
BCMH,Surgery Stack 1-4,Q2QW-3D4X-35EN,17,ShoreTel,True,12352618,9630264,2722354,1171.3000000000002,913.4,257.90000000000003,1938.7
BCMH,Surgery Stack 1-4,Q2QW-3D4X-35EN,18,ShoreTel,True,1359502,792087,567415,128.49999999999997,74.9,53.6,2456.3
BCMH,Surgery Stack 1-4,Q2QW-3D4X-35EN,19,ShoreTel,True,885575,805166,80409,83.4,76.4,7.000000000000003,1742.1000000000004
BCMH,Surgery Stack 1-4,Q2QW-3D4X-35EN,20,ShoreTel,True,102968877,94496088,8472789,9763.3,8959.9,803.4000000000001,2091.4
BCMH,Surgery Stack 1-4,Q2QW-3D4X-35EN,21,ShoreTel,True,1140509,932840,207669,108.10000000000001,88.5,19.6,1768.6999999999998
BCMH,Surgery Stack 1-4,Q2QW-3D4X-35EN,22,ShoreTel,True,1167341,946532,220809,110.59999999999998,89.60000000000001,20.999999999999993,1706.2
BCMH,Surgery Stack 1-4,Q2QW-3D4X-35EN,23,ShoreTel,True,857027,791261,65766,81.00000000000001,75.0,6.000000000000003,1664.6
BCMH,Surgery Stack 1-4,Q2QW-3D4X-35EN,24,ShoreTel,True,866216,794619,71597,81.5,75.19999999999999,6.300000000000003,1713.6000000000001
BCMH,Surgery Stack 1-4,Q2QW-3D4X-35EN,26,Data 130,True,4145454,27100,4118354,393.09999999999997,2.6,390.5,0.0
BCMH,Surgery Stack 1-4,Q2QW-3D4X-35EN,28,Data 130,True,12971104,10588697,2382407,1230.0,1004.0,226.00000000000003,0.0
BCMH,Surgery Stack 1-4,Q2QW-3D4X-35EN,31,Data 130,True,11810518,9801929,2008589,1120.1000000000001,929.6999999999999,190.39999999999995,0.0
BCMH,Surgery Stack 1-4,Q2QW-3D4X-35EN,35,Nutrition Judy,True,540082,476934,63148,51.300000000000004,45.099999999999994,6.200000000000003,0.0
BCMH,Surgery Stack 1-4,Q2QW-3D4X-35EN,47,Wireless AP,True,119863445,109940931,9922514,11364.899999999998,10424.000000000002,940.9000000000003,4515.599999999999
BCMH,Surgery Stack 1-4,Q2QW-3D4X-35EN,48,Wireless AP,True,202654101,189049394,13604707,19214.3,17924.799999999996,1289.5000000000002,0.0
BCMH,Surgery Stack 1-4,Q2QW-3D4X-35EN,53,,True,1464112108,109602019,1354510089,138819.6,10391.9,128427.70000000001,0.0
BCMH,Surgery Stack 1-4,Q2QW-3D4X-35EN,54,,True,93615974,49239685,44376289,8876.3,4668.500000000001,4207.8,0.0
BCMH,Data Center Stack 1-1,Q2QW-3DFK-HTN3,1,LABFAX,True,493907153,493311214,595939,46829.80000000001,46773.29999999999,56.49999999999997,0.0
BCMH,Data Center Stack 1-1,Q2QW-3DFK-HTN3,2,7 Medical,True,1720834259,1085477222,635357037,163160.8,102919.4,60241.40000000001,0.0
BCMH,Data Center Stack 1-1,Q2QW-3DFK-HTN3,4,7 Medical Mgmt,True,492474687,492432587,42100,46693.3,46690.09999999999,3.1999999999999997,0.0
BCMH,Data Center Stack 1-1,Q2QW-3DFK-HTN3,7,DC4,True,558191654,520394754,37796900,52924.899999999994,49341.19999999998,3583.6999999999994,0.0
BCMH,Data Center Stack 1-1,Q2QW-3DFK-HTN3,11,iDRAC,True,492412515,492400610,11905,46687.899999999994,46686.899999999994,1.0,0.0
BCMH,Data Center Stack 1-1,Q2QW-3DFK-HTN3,37,Static-CriticalInsight,True,582051631,548054582,33997049,55187.100000000006,51963.799999999996,3223.3,0.0
BCMH,Data Center Stack 1-1,Q2QW-3DFK-HTN3,40,Spanning Tree Radiology 1/4/40,True,508053925,466892062,41161863,48171.69999999999,44268.20000000001,3903.4999999999955,0.0
BCMH,Data Center Stack 1-1,Q2QW-3DFK-HTN3,49,410-1 Port 11,True,48987447916,45574481232,3412966684,4644736.199999999,4321136.3,323599.89999999997,0.0
BCMH,Data Center Stack 1-1,Q2QW-3DFK-HTN3,53,,True,57143897630,10671441702,46472455928,5418087.700000002,1011810.5000000002,4406277.199999999,0.0
BCMH,Data Center Stack 1-1,Q2QW-3DFK-HTN3,54,,True,9902733320,1439136031,8463597289,938926.2000000002,136451.40000000002,802474.7999999999,0.0
BCMH,Telco Rm Stack 1-2,Q2QW-3DLP-9T4V,1,ShoreTel,True,31574431,25314309,6260122,2993.8,2400.2,593.6000000000001,2106.6000000000004
BCMH,Telco Rm Stack 1-2,Q2QW-3DLP-9T4V,3,ShoreTel,True,23493281,18110541,5382740,2227.5000000000005,1717.1000000000001,510.3999999999999,1964.2
BCMH,Telco Rm Stack 1-2,Q2QW-3DLP-9T4V,4,ShoreTel,True,1232566,1164776,67790,116.49999999999996,110.30000000000001,6.200000000000003,1714.0
BCMH,Telco Rm Stack 1-2,Q2QW-3DLP-9T4V,5,ShoreTel,True,1006410,693455,312955,95.09999999999998,65.4,29.7,2243.5000000000005
BCMH,Telco Rm Stack 1-2,Q2QW-3DLP-9T4V,8,ShoreTel,True,1211085,1161187,49898,113.9,110.10000000000001,3.800000000000002,1684.4
BCMH,Telco Rm Stack 1-2,Q2QW-3DLP-9T4V,9,ShoreTel,True,24629129,17037599,7591530,2335.1,1615.3999999999996,719.7000000000002,2257.2
BCMH,Telco Rm Stack 1-2,Q2QW-3DLP-9T4V,10,ShoreTel,True,1208269,1161046,47223,113.4,110.00000000000001,3.4000000000000017,1713.8000000000002
BCMH,Telco Rm Stack 1-2,Q2QW-3DLP-9T4V,11,ShoreTel,True,1765991,1431477,334514,167.39999999999998,136.0,31.399999999999995,1737.1999999999998
BCMH,Telco Rm Stack 1-2,Q2QW-3DLP-9T4V,12,ShoreTel,True,1228804,1161772,67032,116.19999999999996,110.00000000000001,6.200000000000003,1707.6999999999996
BCMH,Telco Rm Stack 1-2,Q2QW-3DLP-9T4V,13,ShoreTel,True,17801332,12808541,4992791,1687.4999999999998,1214.2000000000003,473.3,2217.4
BCMH,Telco Rm Stack 1-2,Q2QW-3DLP-9T4V,15,ShoreTel,True,17259948,11490887,5769061,1636.6000000000004,1089.7,546.8999999999999,0.0
BCMH,Telco Rm Stack 1-2,Q2QW-3DLP-9T4V,18,ShoreTel,True,1226748,1161662,65086,115.89999999999996,110.00000000000001,5.900000000000003,1730.0000000000002
BCMH,Telco Rm Stack 1-2,Q2QW-3DLP-9T4V,19,ShoreTel,True,73264721,57618022,15646699,6946.299999999999,5462.900000000001,1483.4000000000003,2234.7999999999997
BCMH,Telco Rm Stack 1-2,Q2QW-3DLP-9T4V,20,ShoreTel,True,1210289,1161102,49187,113.7,110.00000000000001,3.700000000000002,1697.1999999999998
BCMH,Telco Rm Stack 1-2,Q2QW-3DLP-9T4V,21,ShoreTel,True,1285160,1192396,92764,121.39999999999999,113.00000000000001,8.399999999999999,1712.3999999999999
BCMH,Telco Rm Stack 1-2,Q2QW-3DLP-9T4V,22,ShoreTel,True,17626252,13952620,3673632,1671.1999999999998,1322.7,348.49999999999994,2236.5
BCMH,Telco Rm Stack 1-2,Q2QW-3DLP-9T4V,23,ShoreTel,True,1384449,1239529,144920,131.29999999999998,117.6,13.699999999999998,1714.1000000000001
BCMH,Telco Rm Stack 1-2,Q2QW-3DLP-9T4V,24,ShoreTel,True,1222191,1162827,59364,115.30000000000001,110.20000000000003,5.099999999999999,1705.6
BCMH,Telco Rm Stack 1-2,Q2QW-3DLP-9T4V,25,ShoreTel,True,1890142,1504041,386101,179.5,142.60000000000002,36.89999999999999,1705.3999999999996
BCMH,Telco Rm Stack 1-2,Q2QW-3DLP-9T4V,30,ShoreTel,True,1279297,1187115,92182,121.10000000000001,112.50000000000003,8.6,1703.3999999999999
BCMH,Telco Rm Stack 1-2,Q2QW-3DLP-9T4V,31,ShoreTel,True,18097142,13468345,4628797,1715.8,1276.7,439.09999999999997,0.0
BCMH,Telco Rm Stack 1-2,Q2QW-3DLP-9T4V,32,ShoreTel,True,1261181,1182848,78333,119.4,112.09999999999998,7.3,1696.1999999999996
BCMH,Telco Rm Stack 1-2,Q2QW-3DLP-9T4V,34,ShoreTel,True,971500,673990,297510,92.3,63.90000000000001,28.39999999999999,2192.3
BCMH,Telco Rm Stack 1-2,Q2QW-3DLP-9T4V,37,Static,True,75,51,24,0.0,0.0,0.0,0.0
BCMH,Telco Rm Stack 1-2,Q2QW-3DLP-9T4V,39,Respiratory MFP,True,678397,597176,81221,63.8,56.499999999999986,7.300000000000002,0.0
BCMH,Telco Rm Stack 1-2,Q2QW-3DLP-9T4V,40,Radiology Treadmill,True,521622,494981,26641,49.8,46.699999999999996,3.1000000000000014,0.0
BCMH,Telco Rm Stack 1-2,Q2QW-3DLP-9T4V,53,,True,1719477886,1441725293,277752593,163031.60000000003,136696.6,26335.0,0.0
BCMH,Telco Rm Stack 1-2,Q2QW-3DLP-9T4V,54,,True,1935865021,330391076,1605473945,183548.69999999998,31325.999999999993,152222.7,0.0
BCMH,Data Center Stack 1-5,Q2QW-3HJX-HMJC,10,DataDomain,True,8107838087,1228181640,6879656447,768743.5000000001,116449.99999999997,652293.5,0.0
BCMH,Data Center Stack 1-5,Q2QW-3HJX-HMJC,11,iDrac,True,492403628,492326048,77580,46686.39999999999,46679.799999999996,6.600000000000002,0.0
BCMH,Data Center Stack 1-5,Q2QW-3HJX-HMJC,40,Spanning Tree to 2nd Fl 1/6/40,True,508318615,508261822,56793,48197.09999999999,48190.90000000001,6.200000000000003,0.0
BCMH,Data Center Stack 1-5,Q2QW-3HJX-HMJC,46,Nimble Eth 3,True,493112175,492641759,470416,46754.8,46709.700000000004,45.10000000000004,0.0
BCMH,Data Center Stack 1-5,Q2QW-3HJX-HMJC,47,Firepower Mgmnt Primary,True,493498703,492586602,912101,46790.90000000001,46704.50000000001,86.40000000000002,0.0
BCMH,Data Center Stack 1-5,Q2QW-3HJX-HMJC,50,,True,52868416286,28653776653,24214639633,5012709.000000001,2716802.5000000005,2295906.5,0.0
BCMH,Data Center Stack 1-5,Q2QW-3HJX-HMJC,51,,True,509584065,509221027,363038,48315.899999999994,48281.8,34.10000000000002,0.0
BCMH,Data Center Stack 1-5,Q2QW-3HJX-HMJC,53,,True,40092007508,2946097173,37145910335,3801315.9000000004,279333.5,3521982.4,0.0
BCMH,Data Center Stack 1-5,Q2QW-3HJX-HMJC,54,,True,57131014396,46461966510,10669047886,5416866.6,4405282.699999999,1011583.9,0.0
BCMH,High FCC Stack 1-1,Q2QW-3HM4-ACWQ,1,Shortel,True,56672920,37349175,19323745,5373.5,3541.4,1832.1000000000001,2111.3
BCMH,High FCC Stack 1-1,Q2QW-3HM4-ACWQ,2,Shortel,True,24500940,16245155,8255785,2323.0,1540.0,782.9999999999998,2117.5
BCMH,High FCC Stack 1-1,Q2QW-3HM4-ACWQ,4,Shortel,True,14064662,9758617,4306045,1333.4999999999998,925.3000000000001,408.2,1253.4
BCMH,High FCC Stack 1-1,Q2QW-3HM4-ACWQ,6,Shortel,True,9330471,6385791,2944680,884.1999999999999,605.4,278.79999999999995,1984.3000000000004
BCMH,High FCC Stack 1-1,Q2QW-3HM4-ACWQ,13,Shortel,True,445940364,426889448,19050916,42281.7,40475.50000000001,1806.1999999999998,2165.0000000000005
BCMH,High FCC Stack 1-1,Q2QW-3HM4-ACWQ,14,Shortel,True,15768220,9296256,6471964,1494.8999999999999,881.4000000000001,613.5,0.0
BCMH,High FCC Stack 1-1,Q2QW-3HM4-ACWQ,19,Shortel,True,24113812,16423774,7690038,2286.5,1557.2999999999997,729.2,2241.4
BCMH,High FCC Stack 1-1,Q2QW-3HM4-ACWQ,23,Shortel,True,31068453,20351590,10716863,2945.6000000000004,1929.4999999999998,1016.0999999999998,2215.100000000001
BCMH,High FCC Stack 1-1,Q2QW-3HM4-ACWQ,24,Shortel,True,390105,390105,0,37.3,37.3,0.0,0.0
BCMH,High FCC Stack 1-1,Q2QW-3HM4-ACWQ,27,ShoreTel,True,12277496,7746867,4530629,1164.1,734.3000000000001,429.8000000000001,2271.4999999999995
BCMH,High FCC Stack 1-1,Q2QW-3HM4-ACWQ,28,ShoreTel,True,9969715,5409141,4560574,945.4,512.9000000000001,432.5,896.1
BCMH,High FCC Stack 1-1,Q2QW-3HM4-ACWQ,30,ShoreTel,True,471622,425344,46278,43.90000000000001,40.50000000000001,3.4000000000000017,1678.0
BCMH,High FCC Stack 1-1,Q2QW-3HM4-ACWQ,32,Shoretel,True,60343685,48823752,11519933,5721.4000000000015,4629.299999999999,1092.1000000000001,2213.5
BCMH,High FCC Stack 1-1,Q2QW-3HM4-ACWQ,33,ShoreTel,True,5992577,3610065,2382512,568.0,342.2,225.79999999999998,0.0
BCMH,High FCC Stack 1-1,Q2QW-3HM4-ACWQ,35,FCCHS_NETPRES-1,True,7553652,2726251,4827401,716.3000000000001,258.50000000000006,457.7999999999999,0.0
BCMH,High FCC Stack 1-1,Q2QW-3HM4-ACWQ,36,FCCHS_NETPRES-2,True,5648729,2205358,3443371,535.6,209.1,326.50000000000006,0.0
BCMH,High FCC Stack 1-1,Q2QW-3HM4-ACWQ,37,Static,True,144,47,97,0.0,0.0,0.0,0.0
BCMH,High FCC Stack 1-1,Q2QW-3HM4-ACWQ,38,Static,True,1033829,995515,38314,97.40000000000003,94.29999999999997,3.1000000000000014,0.0
BCMH,High FCC Stack 1-1,Q2QW-3HM4-ACWQ,39,Static,True,420876,328475,92401,40.000000000000014,31.500000000000007,8.5,0.0
BCMH,High FCC Stack 1-1,Q2QW-3HM4-ACWQ,42,Static,True,533628,498058,35570,50.00000000000001,46.90000000000002,3.1000000000000014,0.0
BCMH,High FCC Stack 1-1,Q2QW-3HM4-ACWQ,44,FCC HS Tourtillott MFP,True,264895,224681,40214,25.200000000000006,22.099999999999994,3.1000000000000014,0.0
BCMH,High FCC Stack 1-1,Q2QW-3HM4-ACWQ,46,SG50V,True,6457943,3537472,2920471,612.2999999999997,335.4999999999999,276.79999999999995,0.0
BCMH,High FCC Stack 1-1,Q2QW-3HM4-ACWQ,47,Wireless AP,True,574252013,568522546,5729467,54447.79999999999,53904.5,543.3000000000001,4374.4
BCMH,High FCC Stack 1-1,Q2QW-3HM4-ACWQ,49,TelcoRm MS410 Port 14,True,1793725005,253901241,1539823764,170071.69999999998,24073.600000000006,145998.10000000003,0.0
BCMH,High FCC Stack 1-1,Q2QW-3HM4-ACWQ,53,,True,675704947,609717390,65987557,64066.20000000001,57809.79999999998,6256.399999999999,0.0
BCMH,High FCC Stack 1-1,Q2QW-3HM4-ACWQ,54,,True,359039099,277060050,81979049,34042.49999999999,26269.399999999998,7773.099999999998,0.0
BCMH,Data Center Stack 1-3,Q2QW-3HQY-PLVT,2,Dell SW VxRail,True,492443311,492314307,129004,46691.1,46678.600000000006,12.500000000000005,0.0
BCMH,Data Center Stack 1-3,Q2QW-3HQY-PLVT,4,AvTech Temp,True,324644821,324555656,89165,30781.200000000004,30772.800000000003,8.399999999999999,1903.6000000000001
BCMH,Data Center Stack 1-3,Q2QW-3HQY-PLVT,10,DataDomain,True,6682130853,969034435,5713096418,633564.7,91878.6,541686.1000000001,0.0
BCMH,Data Center Stack 1-3,Q2QW-3HQY-PLVT,11,iDRAC,True,492403749,492325676,78073,46686.399999999994,46679.799999999996,6.600000000000002,0.0
BCMH,Data Center Stack 1-3,Q2QW-3HQY-PLVT,40,Spanning Tree to Telco Sw 1/7/40,True,508320609,508264079,56530,48197.29999999999,48191.1,6.200000000000003,0.0
BCMH,Data Center Stack 1-3,Q2QW-3HQY-PLVT,46,Nimble Eth1,True,492415682,492399066,16616,46689.8,46686.8,3.0000000000000013,0.0
BCMH,Data Center Stack 1-3,Q2QW-3HQY-PLVT,51,,True,508782822,508766292,16530,48241.400000000016,48238.40000000001,3.0000000000000013,0.0
BCMH,Data Center Stack 1-3,Q2QW-3HQY-PLVT,53,,True,1735993621,870453152,865540469,164598.20000000004,82532.0,82066.2,0.0
BCMH,Data Center Stack 1-3,Q2QW-3HQY-PLVT,54,,True,7968747849,6598502663,1370245186,755554.8999999999,625635.5000000002,129919.40000000002,0.0
BCMH,Data Center Stack 1-4,Q2QW-3HSN-4P98,2,Dell SW VxRail,True,493097071,492967918,129153,46753.299999999996,46740.799999999996,12.500000000000005,0.0
BCMH,Data Center Stack 1-4,Q2QW-3HSN-4P98,10,DataDomain,True,10645351703,1444095335,9201256368,1009337.2000000002,136921.80000000005,872415.4,0.0
BCMH,Data Center Stack 1-4,Q2QW-3HSN-4P98,11,iDRAC,True,493057365,492979574,77791,46748.19999999999,46741.6,6.600000000000002,0.0
BCMH,Data Center Stack 1-4,Q2QW-3HSN-4P98,25,LabFax22,True,497771235,496122893,1648342,47196.09999999999,47040.000000000015,156.1,0.0
BCMH,Data Center Stack 1-4,Q2QW-3HSN-4P98,40,Spanning Tree to Telco 2/5/40,True,508303900,466892224,41411676,48195.499999999985,44268.3,3927.199999999995,0.0
BCMH,Data Center Stack 1-4,Q2QW-3HSN-4P98,46,Nimble Eth 2,True,493366606,493139008,227598,46778.69999999999,46756.899999999994,21.799999999999986,0.0
BCMH,Data Center Stack 1-4,Q2QW-3HSN-4P98,50,,True,29248072871,4961641822,24286431049,2773150.0999999996,470436.8999999999,2302713.2,0.0
BCMH,Data Center Stack 1-4,Q2QW-3HSN-4P98,51,,True,1276942688,530352148,746590540,121072.79999999999,50285.2,70787.59999999999,0.0
BCMH,Data Center Stack 1-4,Q2QW-3HSN-4P98,53,,True,7971567284,1371798329,6599768955,755822.2000000001,130066.70000000001,625755.5000000001,0.0
BCMH,Data Center Stack 1-4,Q2QW-3HSN-4P98,54,,True,40106723174,37155444854,2951278320,3802711.8,3522886.6999999993,279825.1,0.0
BCMH,High FCC Stack 1-2,Q2QW-3HTH-9RBM,1,Shortel,True,15600455,10008383,5592072,1478.9000000000003,949.2,529.6999999999999,1995.7
BCMH,High FCC Stack 1-2,Q2QW-3HTH-9RBM,3,Shortel,True,7305830,4622206,2683624,692.5999999999999,438.2,254.39999999999998,603.2
BCMH,High FCC Stack 1-2,Q2QW-3HTH-9RBM,4,Shortel,True,392242,391857,385,37.5,37.5,0.0,0.0
BCMH,High FCC Stack 1-2,Q2QW-3HTH-9RBM,5,Shortel,True,44355486,25929284,18426202,4205.4,2458.4,1746.9999999999998,0.0
BCMH,High FCC Stack 1-2,Q2QW-3HTH-9RBM,6,Shortel,True,391742,391468,274,37.4,37.4,0.0,0.0
BCMH,High FCC Stack 1-2,Q2QW-3HTH-9RBM,7,Shortel,True,14170157,9244861,4925296,1343.6000000000001,876.3,467.3,0.0
BCMH,High FCC Stack 1-2,Q2QW-3HTH-9RBM,8,Shortel,True,470880,424697,46183,43.90000000000001,40.50000000000001,3.4000000000000017,1684.3999999999999
BCMH,High FCC Stack 1-2,Q2QW-3HTH-9RBM,9,,True,1108463,1039530,68933,104.60000000000002,98.50000000000001,6.100000000000002,0.0
BCMH,High FCC Stack 1-2,Q2QW-3HTH-9RBM,12,Shortel,True,16970610,10020538,6950072,1608.7999999999997,949.9000000000001,658.8999999999997,0.0
BCMH,High FCC Stack 1-2,Q2QW-3HTH-9RBM,14,Shortel,True,12667424,7298341,5369083,1201.1999999999998,692.0,509.2,1322.3
BCMH,High FCC Stack 1-2,Q2QW-3HTH-9RBM,17,Shortel,True,10879248,7616093,3263155,1031.5,722.2,309.3,0.0
BCMH,High FCC Stack 1-2,Q2QW-3HTH-9RBM,19,Shortel,True,13311620,8328903,4982717,1261.9,789.6999999999999,472.19999999999993,0.0
BCMH,High FCC Stack 1-2,Q2QW-3HTH-9RBM,20,Shortel,True,20102476,12150333,7952143,1905.9,1152.1,753.8000000000001,1596.8
BCMH,High FCC Stack 1-2,Q2QW-3HTH-9RBM,21,Shortel,True,596317,487280,109037,56.599999999999994,46.2,10.399999999999999,1736.1999999999998
BCMH,High FCC Stack 1-2,Q2QW-3HTH-9RBM,23,Shortel,True,2650355,1512939,1137416,250.70000000000005,143.3,107.4,1781.7999999999997
BCMH,High FCC Stack 1-2,Q2QW-3HTH-9RBM,24,Shoretel,True,6558489,3920491,2637998,622.0000000000001,371.80000000000007,250.2,0.0
BCMH,High FCC Stack 1-2,Q2QW-3HTH-9RBM,29,Shoretel,True,616406,496725,119681,57.70000000000002,47.300000000000004,10.399999999999991,1715.3999999999994
BCMH,High FCC Stack 1-2,Q2QW-3HTH-9RBM,30,Shoretel,True,98473,87524,10949,9.3,7.999999999999998,1.3,0.0
BCMH,High FCC Stack 1-2,Q2QW-3HTH-9RBM,32,Shoretel,True,4904776,3720365,1184411,465.0,352.9,112.10000000000001,0.0
BCMH,High FCC Stack 1-2,Q2QW-3HTH-9RBM,33,Shoretel,True,5403294,3544928,1858366,512.5,336.19999999999993,176.3,0.0
BCMH,High FCC Stack 1-2,Q2QW-3HTH-9RBM,34,Shoretel,True,27522805,17931049,9591756,2609.7000000000003,1700.1000000000001,909.5999999999999,0.0
BCMH,High FCC Stack 1-2,Q2QW-3HTH-9RBM,37,Static,True,473784,425481,48303,44.20000000000002,40.50000000000001,3.700000000000002,1683.8999999999999
BCMH,High FCC Stack 1-2,Q2QW-3HTH-9RBM,38,Static,True,142191,126331,15860,13.7,11.899999999999997,1.8000000000000005,0.0
BCMH,High FCC Stack 1-2,Q2QW-3HTH-9RBM,40,Room Alert 12S,True,204012,196355,7657,19.1,18.8,0.3,1857.9
BCMH,High FCC Stack 1-2,Q2QW-3HTH-9RBM,41,Static,True,390249,390249,0,37.3,37.3,0.0,0.0
BCMH,High FCC Stack 1-2,Q2QW-3HTH-9RBM,43,Static,True,297349,270681,26668,28.499999999999996,25.400000000000006,3.1000000000000014,0.0
BCMH,High FCC Stack 1-2,Q2QW-3HTH-9RBM,45,zosi camera,True,51827435,1482774,50344661,4913.899999999999,140.5,4773.400000000005,0.0
BCMH,High FCC Stack 1-2,Q2QW-3HTH-9RBM,47,Wireless AP,True,766516487,749304413,17212074,72677.19999999998,71045.0,1632.1999999999994,4491.799999999999
BCMH,High FCC Stack 1-2,Q2QW-3HTH-9RBM,53,,True,359043175,81979506,277063669,34042.6,7773.199999999998,26269.399999999998,0.0
BCMH,High FCC Stack 1-2,Q2QW-3HTH-9RBM,54,,True,675709069,66002357,609706712,64067.299999999996,6258.0,57809.30000000001,0.0
BCMH,Data Center Stack 1-2,Q2QW-3HUA-WC76,2,7Medical Secondary,True,496677383,494225495,2451888,47092.79999999998,46860.19999999999,232.59999999999997,0.0
BCMH,Data Center Stack 1-2,Q2QW-3HUA-WC76,4,7Medical Secondary Mgmt,True,493098234,493074579,23655,46752.899999999994,46750.7,2.2,0.0
BCMH,Data Center Stack 1-2,Q2QW-3HUA-WC76,7,Data 130,True,272525262,124679404,147845858,25839.299999999996,11821.4,14017.900000000005,0.0
BCMH,Data Center Stack 1-2,Q2QW-3HUA-WC76,10,DataDomain,True,9681444346,1355907880,8325536466,917944.0999999999,128560.0,789384.0999999999,0.0
BCMH,Data Center Stack 1-2,Q2QW-3HUA-WC76,11,iDRAC,True,493057773,492979812,77961,46748.399999999994,46741.799999999996,6.600000000000002,0.0
BCMH,Data Center Stack 1-2,Q2QW-3HUA-WC76,40,Spanning Tree Surgery 1/6/40,True,488801747,466892462,21909285,46346.39999999999,44268.399999999994,2077.999999999995,0.0
BCMH,Data Center Stack 1-2,Q2QW-3HUA-WC76,47,Uplink to FPR,True,568585681,440133222,128452459,53910.6,41731.40000000001,12179.199999999999,0.0
BCMH,Data Center Stack 1-2,Q2QW-3HUA-WC76,48,Uplink to FPR,True,436957898,332230199,104727699,41429.99999999999,31500.200000000004,9929.8,0.0
BCMH,Data Center Stack 1-2,Q2QW-3HUA-WC76,51,,True,509442470,509425937,16533,48303.90000000001,48300.9,3.0000000000000013,0.0
BCMH,Data Center Stack 1-2,Q2QW-3HUA-WC76,53,,True,9903003458,8463156701,1439846757,938951.6000000001,802432.5,136519.09999999998,0.0
BCMH,Data Center Stack 1-2,Q2QW-3HUA-WC76,54,,True,1738706887,867257304,871449583,164855.49999999994,82229.0,82626.50000000001,0.0
BCMH,Telco Rm Stack 2-2,Q2QW-3J89-M2VE,6,Shortel,True,430593,405975,24618,41.79999999999998,38.70000000000002,3.1000000000000014,0.0
BCMH,Telco Rm Stack 2-2,Q2QW-3J89-M2VE,7,Shortel,True,11759830,7732090,4027740,1115.0,733.2,381.79999999999995,0.0
BCMH,Telco Rm Stack 2-2,Q2QW-3J89-M2VE,8,ER Dr. Sleep Room,True,9325199,7118198,2207001,884.4,675.0000000000001,209.4,0.0
BCMH,Telco Rm Stack 2-2,Q2QW-3J89-M2VE,9,Shortel,True,12426848,8601246,3825602,1178.1000000000001,815.4,362.70000000000005,0.0
BCMH,Telco Rm Stack 2-2,Q2QW-3J89-M2VE,10,Shortel,True,12092517,8031849,4060668,1146.4999999999998,761.3999999999999,385.1,0.0
BCMH,Telco Rm Stack 2-2,Q2QW-3J89-M2VE,11,Shortel,True,14024922,8363379,5661543,1329.5000000000002,792.9,536.5999999999999,0.0
BCMH,Telco Rm Stack 2-2,Q2QW-3J89-M2VE,12,Shortel,True,11803144,8058376,3744768,1119.1,764.1000000000001,355.0,0.0
BCMH,Telco Rm Stack 2-2,Q2QW-3J89-M2VE,13,Shortel,True,12727167,8229058,4498109,1206.6000000000004,780.1999999999998,426.3999999999999,0.0
BCMH,Telco Rm Stack 2-2,Q2QW-3J89-M2VE,15,Shortel,True,6060698,4970236,1090462,574.9,471.40000000000003,103.49999999999999,689.9999999999999
BCMH,Telco Rm Stack 2-2,Q2QW-3J89-M2VE,16,Shortel,True,296263253,280209829,16053424,28090.199999999986,26568.200000000004,1522.0,0.0
BCMH,Telco Rm Stack 2-2,Q2QW-3J89-M2VE,17,Shortel,True,29514131,19390087,10124044,2798.6999999999994,1838.8,959.9,0.0
BCMH,Telco Rm Stack 2-2,Q2QW-3J89-M2VE,18,Shortel,True,27071725,26058277,1013448,2566.8,2470.7,96.10000000000001,0.2
BCMH,Telco Rm Stack 2-2,Q2QW-3J89-M2VE,19,Shortel,True,1272994725,1236297025,36697700,120698.9,117219.20000000003,3479.6999999999994,2174.5000000000005
BCMH,Telco Rm Stack 2-2,Q2QW-3J89-M2VE,21,Shortel,True,3304081,2204975,1099106,313.09999999999997,209.19999999999993,103.90000000000002,1760.3000000000004
BCMH,Telco Rm Stack 2-2,Q2QW-3J89-M2VE,24,Shortel,True,479954710,465315314,14639396,45506.79999999999,44118.9,1387.9000000000003,0.0
BCMH,Telco Rm Stack 2-2,Q2QW-3J89-M2VE,27,Data 130,True,39004504,29908468,9096036,3698.2000000000003,2835.8000000000006,862.3999999999999,0.0
BCMH,Telco Rm Stack 2-2,Q2QW-3J89-M2VE,29,Data 130,True,155107438,133001182,22106256,14706.699999999995,12610.6,2096.1,0.0
BCMH,Telco Rm Stack 2-2,Q2QW-3J89-M2VE,33,Data 130,True,397443321,256111147,141332174,37683.299999999996,24282.899999999998,13400.400000000001,0.0
BCMH,Telco Rm Stack 2-2,Q2QW-3J89-M2VE,34,Pyxis Surgery,True,2467177,1943689,523488,233.99999999999997,184.39999999999998,49.599999999999994,0.0
BCMH,Telco Rm Stack 2-2,Q2QW-3J89-M2VE,37,Data 130,True,225251,200782,24469,21.3,19.0,2.3,0.0
BCMH,Telco Rm Stack 2-2,Q2QW-3J89-M2VE,38,Human Resources,True,826707,756154,70553,78.20000000000003,71.79999999999998,6.399999999999999,0.0
BCMH,Telco Rm Stack 2-2,Q2QW-3J89-M2VE,40,Finance (Checks),True,671956,613392,58564,63.90000000000001,58.400000000000006,5.500000000000002,0.0
BCMH,Telco Rm Stack 2-2,Q2QW-3J89-M2VE,41,Surgery Core,True,1818494,1294223,524271,172.39999999999998,122.70000000000002,49.70000000000001,0.0
BCMH,Telco Rm Stack 2-2,Q2QW-3J89-M2VE,42,HIM Scan Room,True,2673243,2637655,35588,253.89999999999995,250.3,3.600000000000002,0.0
BCMH,Telco Rm Stack 2-2,Q2QW-3J89-M2VE,43,HIM Kristi Gaylord,True,1305980,1276101,29879,124.0,120.80000000000001,3.2000000000000015,0.0
BCMH,Telco Rm Stack 2-2,Q2QW-3J89-M2VE,44,Static,True,438133,408201,29932,41.79999999999999,38.70000000000001,3.1000000000000014,0.0
BCMH,Telco Rm Stack 2-2,Q2QW-3J89-M2VE,46,Static,True,588733,529784,58949,56.6,50.39999999999999,6.200000000000003,0.0
BCMH,Telco Rm Stack 2-2,Q2QW-3J89-M2VE,53,,True,1996968688,1696875324,300093364,189342.1,160888.9,28453.200000000008,0.0
BCMH,Telco Rm Stack 2-2,Q2QW-3J89-M2VE,54,,True,4808289074,595562579,4212726495,455896.49999999994,56467.9,399428.6,0.0
BCMH,Adrian-SW01,Q2QW-49TJ-35EN,1,Uplink to MX port 5,True,830379710,112524551,717855159,78732.29999999999,10668.899999999998,68063.40000000001,0.0
BCMH,Adrian-SW01,Q2QW-49TJ-35EN,3,Shortel,True,10488689,7342798,3145891,994.6,696.3000000000001,298.3,0.0
BCMH,Adrian-SW01,Q2QW-49TJ-35EN,4,Shortel,True,714141,648657,65484,68.10000000000001,61.6,6.5000000000000036,1746.8999999999996
BCMH,Adrian-SW01,Q2QW-49TJ-35EN,6,Shortel,True,28361305,19278261,9083044,2689.2,1827.8999999999999,861.3000000000001,2298.3
BCMH,Adrian-SW01,Q2QW-49TJ-35EN,7,Shortel,True,13769600,8338453,5431147,1305.5000000000002,790.6999999999999,514.8000000000001,0.0
BCMH,Adrian-SW01,Q2QW-49TJ-35EN,8,Shortel,True,1140073,863413,276660,108.4,81.8,26.599999999999998,1809.3000000000002
BCMH,Adrian-SW01,Q2QW-49TJ-35EN,9,Shortel,True,57294240,38691884,18602356,5431.999999999999,3668.500000000001,1763.5,0.0
BCMH,Adrian-SW01,Q2QW-49TJ-35EN,12,Shortel,True,59898638,44041313,15857325,5678.700000000002,4175.3,1503.3999999999996,2201.9
BCMH,Adrian-SW01,Q2QW-49TJ-35EN,13,Shortel,True,24297226,15874802,8422424,2303.8,1505.3000000000002,798.5,2154.8999999999996
BCMH,Adrian-SW01,Q2QW-49TJ-35EN,14,Shortel,True,631721,615563,16158,58.59999999999999,58.49999999999999,0.1,0.0
BCMH,Adrian-SW01,Q2QW-49TJ-35EN,15,Shortel,True,11386962,8111891,3275071,1079.3,769.0,310.3,0.0
BCMH,Adrian-SW01,Q2QW-49TJ-35EN,16,Shortel,True,20201780,16252424,3949356,1915.6000000000001,1541.1,374.5,0.0
BCMH,Adrian-SW01,Q2QW-49TJ-35EN,17,Shortel,True,36480349,23579117,12901232,3458.8,2235.6,1223.2,2149.6
BCMH,Adrian-SW01,Q2QW-49TJ-35EN,18,Shortel,True,28078851,20966447,7112404,2662.5,1987.8000000000002,674.7,2223.5000000000005
BCMH,Adrian-SW01,Q2QW-49TJ-35EN,19,Shortel,True,19117772,12771673,6346099,1812.8999999999999,1211.0,601.9,2173.8
BCMH,Adrian-SW01,Q2QW-49TJ-35EN,21,Shortel,True,14627077,10786275,3840802,1386.9000000000003,1022.7,364.20000000000005,2222.6000000000004
BCMH,Adrian-SW01,Q2QW-49TJ-35EN,22,Shortel,True,881512,714623,166889,83.8,67.60000000000001,16.200000000000003,1586.0000000000002
BCMH,Adrian-SW01,Q2QW-49TJ-35EN,23,Shortel,True,17336955,11376524,5960431,1643.7000000000003,1078.5,565.1999999999999,0.0
BCMH,Adrian-SW01,Q2QW-49TJ-35EN,24,Shortel,True,324241698,306583687,17658011,30742.700000000008,29068.5,1674.2,2142.2000000000003
BCMH,Adrian-SW01,Q2QW-49TJ-35EN,25,Shortel,True,1206793,1128998,77795,114.29999999999998,107.00000000000003,7.300000000000001,0.0
BCMH,Adrian-SW01,Q2QW-49TJ-35EN,26,Shortel,True,17184812,10510838,6673974,1629.6,996.6999999999999,632.9000000000001,0.0
BCMH,Adrian-SW01,Q2QW-49TJ-35EN,27,Shortel,True,13215191,7969342,5245849,1252.9,755.6,497.29999999999995,0.0
BCMH,Adrian-SW01,Q2QW-49TJ-35EN,28,Shortel,True,11998702,7440747,4557955,1137.4000000000003,705.3,432.0999999999999,0.0
BCMH,Adrian-SW01,Q2QW-49TJ-35EN,29,Shortel,True,631760,615590,16170,58.699999999999996,58.49999999999999,0.2,0.0
BCMH,Adrian-SW01,Q2QW-49TJ-35EN,31,Shortel,True,598503,598503,0,56.7,56.7,0.0,0.0
BCMH,Adrian-SW01,Q2QW-49TJ-35EN,32,Shortel,True,8421185,5742426,2678759,798.8999999999997,544.6999999999999,254.20000000000005,0.0
BCMH,Adrian-SW01,Q2QW-49TJ-35EN,35,Shortel,True,1949880,1776299,173581,184.99999999999997,168.39999999999998,16.599999999999994,0.0
BCMH,Adrian-SW01,Q2QW-49TJ-35EN,37,Static,True,1279700,1204147,75553,122.69999999999996,114.3999999999999,8.300000000000002,0.0
BCMH,Adrian-SW01,Q2QW-49TJ-35EN,42,AVTech Temp Monitor,True,192127,172150,19977,18.7,15.6,3.1000000000000014,0.0
BCMH,Adrian-SW01,Q2QW-49TJ-35EN,44,Wireless AP,True,190718038,184726093,5991945,18082.699999999997,17514.600000000002,568.1000000000001,4468.2
BCMH,Adrian-SW01,Q2QW-49TJ-35EN,46,Shortel SG50v,True,5951511,3278951,2672560,564.1,310.8,253.3,0.0
BCMH,Radiology 1 Stack 1-1,Q2QW-573X-EY3D,2,Data 130,True,227245197,210030959,17214238,21546.199999999997,19913.999999999993,1632.1999999999998,3683.8000000000006
BCMH,Radiology 1 Stack 1-1,Q2QW-573X-EY3D,4,Data 130,True,8305094,2273412,6031682,787.4,215.70000000000002,571.7,0.0
BCMH,Radiology 1 Stack 1-1,Q2QW-573X-EY3D,5,Static 1050,True,445983,403679,42304,41.4,38.300000000000004,3.1000000000000014,0.0
BCMH,Radiology 1 Stack 1-1,Q2QW-573X-EY3D,7,Data 130,True,3613105,3613105,0,342.7,342.7,0.0,0.0
BCMH,Radiology 1 Stack 1-1,Q2QW-573X-EY3D,8,Data 130,True,252328880,217567781,34761099,23924.7,20628.799999999996,3295.8999999999996,0.0
BCMH,Radiology 1 Stack 1-1,Q2QW-573X-EY3D,10,Data 130,True,86661111,72061175,14599936,8216.600000000002,6832.499999999999,1384.1000000000001,0.0
BCMH,Radiology 1 Stack 1-1,Q2QW-573X-EY3D,11,Data 130,True,3613807,3613807,0,342.7,342.7,0.0,0.0
BCMH,Radiology 1 Stack 1-1,Q2QW-573X-EY3D,12,Data 130,True,3618145,3608049,10096,342.20000000000005,342.20000000000005,0.0,0.0
BCMH,Radiology 1 Stack 1-1,Q2QW-573X-EY3D,18,Data 130,True,37138818,32751223,4387595,3521.1000000000004,3105.2999999999997,415.8,0.0
BCMH,Radiology 1 Stack 1-1,Q2QW-573X-EY3D,19,Data 130,True,25554119,21639038,3915081,2423.2,2051.9,371.3,0.0
BCMH,Radiology 1 Stack 1-1,Q2QW-573X-EY3D,20,Data 130,True,9587774,8636049,951725,908.7000000000003,818.5999999999999,90.1,0.0
BCMH,Radiology 1 Stack 1-1,Q2QW-573X-EY3D,22,Data 130,True,39477988,28547853,10930135,3743.1999999999994,2706.8000000000006,1036.3999999999999,0.0
BCMH,Radiology 1 Stack 1-1,Q2QW-573X-EY3D,23,Data 130,True,82993949,63924172,19069777,7869.4,6061.200000000001,1808.2,0.0
BCMH,Radiology 1 Stack 1-1,Q2QW-573X-EY3D,29,Data 130,True,17820548,15417610,2402938,1689.8000000000002,1461.9999999999998,227.8,0.0
BCMH,Radiology 1 Stack 1-1,Q2QW-573X-EY3D,31,Data 130,True,66520541,60701620,5818921,6306.599999999998,5755.299999999998,551.3,0.0
BCMH,Radiology 1 Stack 1-1,Q2QW-573X-EY3D,33,Data 130,True,477068333,450698944,26369389,45233.1,42732.99999999999,2500.1,0.0
BCMH,Radiology 1 Stack 1-1,Q2QW-573X-EY3D,39,Data 130,True,14012,13409,603,1.4,1.3,0.1,0.0
BCMH,Radiology 1 Stack 1-1,Q2QW-573X-EY3D,40,Pyxis ED,True,2134512,1665915,468597,202.59999999999997,158.20000000000002,44.39999999999999,0.0
BCMH,Radiology 1 Stack 1-1,Q2QW-573X-EY3D,43,Rad Trailer 1050,True,11929046,87975,11841071,1131.0,8.3,1122.7,0.0
BCMH,Radiology 1 Stack 1-1,Q2QW-573X-EY3D,45,Data 130,True,17438843,3740501,13698342,1653.7,354.7,1299.0000000000002,0.0
BCMH,Radiology 1 Stack 1-1,Q2QW-573X-EY3D,46,Data 130,True,13220781,8862467,4358314,1253.4000000000003,840.2,413.20000000000005,0.0
BCMH,Radiology 1 Stack 1-1,Q2QW-573X-EY3D,49,,True,6781329398,1570070212,5211259186,642970.4999999998,148866.1,494104.4000000001,0.0
BCMH,Radiology 1 Stack 1-1,Q2QW-573X-EY3D,53,,True,5524064606,4103827063,1420237543,523763.19999999995,389103.69999999995,134659.5,0.0
BCMH,East Wing Stack 1-1,Q2QW-57MA-XACU,1,Shortel,True,58249565,45957382,12292183,5522.799999999999,4357.3,1165.5000000000002,2040.9999999999995
BCMH,East Wing Stack 1-1,Q2QW-57MA-XACU,2,Shortel,True,31675674,17857457,13818217,3003.1000000000004,1692.9999999999998,1310.1000000000001,2216.1
BCMH,East Wing Stack 1-1,Q2QW-57MA-XACU,3,Stacy Printer,True,293501,260696,32805,27.999999999999993,24.900000000000002,3.1000000000000014,0.0
BCMH,East Wing Stack 1-1,Q2QW-57MA-XACU,5,Shortel,True,30489153,21970557,8518596,2891.0000000000005,2083.4,807.6,2225.4
BCMH,East Wing Stack 1-1,Q2QW-57MA-XACU,7,Shortel,True,53024242,40648226,12376016,5027.7,3854.2,1173.5,2282.4
BCMH,East Wing Stack 1-1,Q2QW-57MA-XACU,9,Shortel,True,55168839,41234682,13934157,5230.900000000001,3909.7,1321.1999999999998,2247.1
BCMH,East Wing Stack 1-1,Q2QW-57MA-XACU,11,Shortel,True,50871553,38041028,12830525,4823.7,3607.200000000001,1216.5000000000002,2203.1
BCMH,East Wing Stack 1-1,Q2QW-57MA-XACU,13,Shortel,True,50832158,39307980,11524178,4820.0999999999985,3727.400000000001,1092.7000000000003,2282.0
BCMH,East Wing Stack 1-1,Q2QW-57MA-XACU,15,Shortel,True,24356983,15576620,8780363,2309.1,1476.8999999999999,832.2000000000002,1915.6
BCMH,East Wing Stack 1-1,Q2QW-57MA-XACU,19,Shortel,True,34411550,22878907,11532643,3263.0,2169.3,1093.6999999999998,2237.8
BCMH,East Wing Stack 1-1,Q2QW-57MA-XACU,27,Shortel,True,20133466,14627246,5506220,1908.9,1386.8,522.1,2262.2999999999997
BCMH,East Wing Stack 1-1,Q2QW-57MA-XACU,29,Shortel,True,1131544,1052447,79097,106.40000000000002,99.5,6.900000000000002,1743.7999999999997
BCMH,East Wing Stack 1-1,Q2QW-57MA-XACU,35,,True,15044761,11500982,3543779,1426.3999999999999,1090.5,335.8999999999999,0.0
BCMH,East Wing Stack 1-1,Q2QW-57MA-XACU,45,East Wing to East Classroom,True,681084913,670790837,10294076,64576.79999999999,63600.90000000001,975.9000000000005,0.0
BCMH,East Wing Stack 1-1,Q2QW-57MA-XACU,48,Wireless AP,True,591636629,574434234,17202395,56095.59999999998,54464.7,1630.8999999999994,4517.7
BCMH,East Wing Stack 1-1,Q2QW-57MA-XACU,49,,True,1856277908,202499524,1653778384,176002.5,19199.900000000005,156802.6,0.0
BCMH,East Wing Stack 1-1,Q2QW-57MA-XACU,53,,True,764648196,737618285,27029911,72500.6,69937.40000000001,2563.2000000000003,0.0
BCMH,East Wing Stack 1-1,Q2QW-57MA-XACU,54,,True,433242269,395725897,37516372,41077.7,37520.6,3557.1,0.0
BCMH,Nursery FCC Stack 1-1,Q2QW-57X6-VKGR,1,Shortel,True,4467693,3331254,1136439,423.5999999999999,315.8,107.8,2198.7
BCMH,Nursery FCC Stack 1-1,Q2QW-57X6-VKGR,2,Shortel,True,18001265,12549964,5451301,1706.7999999999997,1190.1,516.6999999999998,2196.8
BCMH,Nursery FCC Stack 1-1,Q2QW-57X6-VKGR,3,Shortel,True,24182975,15023146,9159829,2292.8999999999996,1424.3999999999996,868.5000000000001,2097.3999999999996
BCMH,Nursery FCC Stack 1-1,Q2QW-57X6-VKGR,4,Shortel,True,58492165,46472443,12019722,5545.799999999999,4406.3,1139.4999999999998,2117.9
BCMH,Nursery FCC Stack 1-1,Q2QW-57X6-VKGR,6,Shortel,True,43486138,26940988,16545150,4123.400000000001,2554.6000000000004,1568.8000000000002,2217.2999999999997
BCMH,Nursery FCC Stack 1-1,Q2QW-57X6-VKGR,8,Shortel,True,714767,714344,423,67.8,67.8,0.0,0.0
BCMH,Nursery FCC Stack 1-1,Q2QW-57X6-VKGR,9,Shortel,True,1000566,935773,64793,94.7,88.9,5.800000000000001,1718.6
BCMH,Nursery FCC Stack 1-1,Q2QW-57X6-VKGR,11,Shortel,True,905084,904710,374,85.89999999999999,85.89999999999999,0.0,0.0
BCMH,Nursery FCC Stack 1-1,Q2QW-57X6-VKGR,12,Shortel,True,59316153,45767334,13548819,5623.9,4339.3,1284.6,2172.7999999999997
BCMH,Nursery FCC Stack 1-1,Q2QW-57X6-VKGR,13,Shortel,True,27363443,14925205,12438238,2594.5,1414.9,1179.5999999999997,2106.2000000000003
BCMH,Nursery FCC Stack 1-1,Q2QW-57X6-VKGR,15,Shortel,True,1156561,1075149,81412,109.3,101.90000000000002,7.4,0.0
BCMH,Nursery FCC Stack 1-1,Q2QW-57X6-VKGR,16,Shortel,True,26132998,16324076,9808922,2477.7999999999993,1547.6999999999998,930.1,2232.2999999999997
BCMH,Nursery FCC Stack 1-1,Q2QW-57X6-VKGR,17,Shortel,True,19546202,11594963,7951239,1853.0999999999995,1099.2,753.9000000000001,2223.3000000000006
BCMH,Nursery FCC Stack 1-1,Q2QW-57X6-VKGR,19,Shortel,True,1276740,1212831,63909,121.4,115.00000000000001,6.400000000000001,0.0
BCMH,Nursery FCC Stack 1-1,Q2QW-57X6-VKGR,20,Shortel,True,904479,904235,244,85.8,85.8,0.0,0.0
BCMH,Nursery FCC Stack 1-1,Q2QW-57X6-VKGR,21,Shortel,True,13973854,8932372,5041482,1324.4999999999998,846.6,477.90000000000003,0.0
BCMH,Nursery FCC Stack 1-1,Q2QW-57X6-VKGR,22,Shortel,True,238349873,219486027,18863846,22598.8,20810.300000000003,1788.4999999999993,2206.4
BCMH,Nursery FCC Stack 1-1,Q2QW-57X6-VKGR,23,Shortel,True,51174722,28591404,22583318,4851.999999999999,2710.9,2141.1000000000004,2260.7000000000003
BCMH,Nursery FCC Stack 1-1,Q2QW-57X6-VKGR,25,Shortel,True,2071441,2032113,39328,195.8,192.70000000000005,3.1000000000000014,0.0
BCMH,Nursery FCC Stack 1-1,Q2QW-57X6-VKGR,26,Shortel,True,570429,543930,26499,54.1,51.6,2.5,0.0
BCMH,Nursery FCC Stack 1-1,Q2QW-57X6-VKGR,27,Shortel,True,296990,269324,27666,28.300000000000008,25.299999999999994,3.0000000000000013,0.0
BCMH,Nursery FCC Stack 1-1,Q2QW-57X6-VKGR,30,Shortel,True,27978142,17509446,10468696,2652.6,1660.1999999999998,992.4,2237.5
BCMH,Nursery FCC Stack 1-1,Q2QW-57X6-VKGR,31,Shortel,True,35198295,22942574,12255721,3337.4,2175.5,1161.9,2343.9000000000005
BCMH,Nursery FCC Stack 1-1,Q2QW-57X6-VKGR,32,Shortel,True,15889878,11194587,4695291,1506.7999999999995,1061.6000000000001,445.2,2251.6000000000004
BCMH,Nursery FCC Stack 1-1,Q2QW-57X6-VKGR,34,Shortel,True,14802664,8893938,5908726,1403.2,843.3000000000001,559.8999999999999,0.0
BCMH,Nursery FCC Stack 1-1,Q2QW-57X6-VKGR,35,FCC Nursery Bustle MFP,True,334917,297427,37490,31.099999999999994,27.90000000000001,3.2000000000000015,0.0
BCMH,Nursery FCC Stack 1-1,Q2QW-57X6-VKGR,38,Static,True,12487653,8287454,4200199,1183.9,785.6999999999999,398.2,0.0
BCMH,Nursery FCC Stack 1-1,Q2QW-57X6-VKGR,40,Static,True,18211387,10239425,7971962,1726.6000000000001,970.9000000000002,755.7,0.0
BCMH,Nursery FCC Stack 1-1,Q2QW-57X6-VKGR,41,Static,True,14991695,8521190,6470505,1421.1999999999998,807.8,613.4,0.0
BCMH,Nursery FCC Stack 1-1,Q2QW-57X6-VKGR,42,Static,True,16238223,10174473,6063750,1539.6000000000001,964.8000000000001,574.8,0.0
BCMH,Nursery FCC Stack 1-1,Q2QW-57X6-VKGR,44,Static,True,249562,204341,45221,23.199999999999992,19.299999999999997,3.9000000000000012,0.0
BCMH,Nursery FCC Stack 1-1,Q2QW-57X6-VKGR,45,Static,True,14539486,9591036,4948450,1378.8,909.6,469.19999999999993,0.0
BCMH,Nursery FCC Stack 1-1,Q2QW-57X6-VKGR,46,SG50V,True,1200232,848518,351714,114.80000000000001,80.69999999999999,34.100000000000016,0.0
BCMH,Nursery FCC Stack 1-1,Q2QW-57X6-VKGR,49,TelcoRm MS410 Port 3,True,1446310170,255299929,1191010241,137131.3,24206.100000000006,112925.2,0.0
BCMH,Nursery FCC Stack 1-1,Q2QW-57X6-VKGR,53,,True,641509435,611046894,30462541,60824.4,57936.2,2888.2000000000003,0.0
BCMH,Nursery FCC Stack 1-1,Q2QW-57X6-VKGR,54,,True,129958883,76017484,53941399,12322.2,7207.599999999999,5114.599999999999,0.0
BCMH,Telco Rm Stack 1-5,Q2QW-57XR-5WE2,47,Wireless AP,True,431916096,408573847,23342249,40952.2,38738.799999999996,2213.3999999999996,4558.5
BCMH,Telco Rm Stack 1-5,Q2QW-57XR-5WE2,53,,True,671382723,544021141,127361582,63656.90000000001,51581.3,12075.600000000004,0.0
BCMH,Telco Rm Stack 1-5,Q2QW-57XR-5WE2,54,,True,820523752,161248642,659275110,77797.6,15288.599999999999,62508.99999999999,0.0
BCMH,Telco Rm Stack 2-5,Q2QW-57YA-6JB5,5,Athena Credit Card,True,25104172,17932577,7171595,2380.2000000000007,1700.2,680.0,0.0
BCMH,Telco Rm Stack 2-5,Q2QW-57YA-6JB5,12,Data 130,True,33529843,22716641,10813202,3179.0999999999995,2153.8,1025.3,0.0
BCMH,Telco Rm Stack 2-5,Q2QW-57YA-6JB5,24,Synology,True,50364629,22396183,27968446,4775.199999999999,2123.4999999999995,2651.7,0.0
BCMH,Telco Rm Stack 2-5,Q2QW-57YA-6JB5,26,Static - Nuc Med,True,23055017,9546050,13508967,2185.4999999999995,904.9000000000002,1280.6000000000001,0.0
BCMH,Telco Rm Stack 2-5,Q2QW-57YA-6JB5,31,Z7-57 Ken -H-Surface,True,29963895,25404197,4559698,2841.2000000000003,2408.7000000000003,432.5,0.0
BCMH,Telco Rm Stack 2-5,Q2QW-57YA-6JB5,36,Data 130,True,11741853,9669743,2072110,1113.3999999999999,916.6000000000001,196.80000000000004,0.0
BCMH,Telco Rm Stack 2-5,Q2QW-57YA-6JB5,38,Data 130,True,37766248,34345507,3420741,3580.7,3256.3999999999996,324.29999999999995,0.0
BCMH,Telco Rm Stack 2-5,Q2QW-57YA-6JB5,40,Spanning Tree to Data Cntr 1/4/40,True,508296384,41406435,466889949,48194.79999999998,3926.6999999999953,44268.100000000006,0.0
BCMH,Telco Rm Stack 2-5,Q2QW-57YA-6JB5,42,Blood Gas PFT,True,9747319,8450376,1296943,924.2,801.4,122.79999999999998,1733.0
BCMH,Telco Rm Stack 2-5,Q2QW-57YA-6JB5,43,Radiology MRI,True,22555506,1220656,21334850,2138.6,115.5,2023.1,0.0
BCMH,Telco Rm Stack 2-5,Q2QW-57YA-6JB5,45,Camera,True,3709025,2190910,1518115,352.0,207.90000000000006,144.10000000000002,4102.299999999999
BCMH,Telco Rm Stack 2-5,Q2QW-57YA-6JB5,46,Boiler Room DVR,True,3596377,3596377,0,340.9,340.9,0.0,0.0
BCMH,Telco Rm Stack 2-5,Q2QW-57YA-6JB5,47,Wireless APs,True,793573413,769143103,24430310,75242.6,72926.30000000002,2316.2999999999997,4579.499999999999
BCMH,Telco Rm Stack 2-5,Q2QW-57YA-6JB5,48,Wireless APs,True,541873065,536577990,5295075,51377.600000000006,50875.5,502.09999999999997,4674.0
BCMH,Telco Rm Stack 2-5,Q2QW-57YA-6JB5,54,,True,1085057316,130024844,955032472,102879.39999999998,12328.300000000003,90551.1,0.0
BCMH,Telco Rm Stack 1-6,Q2QW-582M-HNJV,1,ShoreTel,True,1735294,1423211,312083,164.6,135.0,29.599999999999998,1755.6000000000004
BCMH,Telco Rm Stack 1-6,Q2QW-582M-HNJV,2,ShoreTel,True,1207748,1160550,47198,113.30000000000001,109.9,3.4000000000000017,1689.6000000000004
BCMH,Telco Rm Stack 1-6,Q2QW-582M-HNJV,3,ShoreTel-Telstrat SPAN,True,121529029,121529029,0,11522.7,11522.7,0.0,0.0
BCMH,Telco Rm Stack 1-6,Q2QW-582M-HNJV,4,ShoreTel,True,7522682,5421514,2101168,713.5,514.1,199.39999999999998,2230.9999999999995
BCMH,Telco Rm Stack 1-6,Q2QW-582M-HNJV,12,ShoreTel,True,7260539,6186376,1074163,688.2,586.4000000000002,101.8,2168.9
BCMH,Telco Rm Stack 1-6,Q2QW-582M-HNJV,18,ShoreTel,True,43310520,28551179,14759341,4106.499999999999,2707.2999999999993,1399.1999999999998,2147.1000000000004
BCMH,Telco Rm Stack 1-6,Q2QW-582M-HNJV,24,Telstrat ED Phone 7023,True,1453979,1254234,199745,138.29999999999998,119.29999999999995,19.00000000000001,1775.9999999999995
BCMH,Telco Rm Stack 1-6,Q2QW-582M-HNJV,26,Telstrat ED Phone 7000,True,1505463,1305574,199889,142.39999999999998,123.80000000000001,18.599999999999998,1951.3999999999996
BCMH,Telco Rm Stack 1-6,Q2QW-582M-HNJV,28,Telstrat ED Phone 7009 and ER-RX Printer,True,2283842,1605825,678017,216.5,152.2,64.29999999999998,4180.599999999999
BCMH,Telco Rm Stack 1-6,Q2QW-582M-HNJV,44,Static,True,1818118,1754961,63157,171.90000000000003,166.3,5.600000000000001,1697.4
BCMH,Telco Rm Stack 1-6,Q2QW-582M-HNJV,53,,True,731165224,504673581,226491643,69325.40000000001,47850.7,21474.699999999997,0.0
BCMH,Telco Rm Stack 1-6,Q2QW-582M-HNJV,54,,True,671373643,127354717,544018926,63655.90000000001,12075.0,51580.9,0.0
BCMH,Telco Rm Stack 1-7,Q2QW-58XN-BVA3,2,ShoreTel,True,1549756,1324540,225216,146.6,125.60000000000001,20.999999999999993,1768.0999999999997
BCMH,Telco Rm Stack 1-7,Q2QW-58XN-BVA3,3,ShoreTel,True,1417957,1261650,156307,134.0,119.5,14.499999999999998,1696.3
BCMH,Telco Rm Stack 1-7,Q2QW-58XN-BVA3,6,ShoreTel,True,3112656,2101451,1011205,295.20000000000005,199.5,95.7,1928.0
BCMH,Telco Rm Stack 1-7,Q2QW-58XN-BVA3,8,ShoreTel,True,1265558,1179408,86150,119.69999999999996,112.00000000000001,7.700000000000004,1664.1000000000001
BCMH,Telco Rm Stack 1-7,Q2QW-58XN-BVA3,12,ShoreTel,True,20351392,14899666,5451726,1929.9000000000003,1413.0000000000002,516.9,2178.7000000000003
BCMH,Telco Rm Stack 1-7,Q2QW-58XN-BVA3,14,ShoreTel,True,1237317,1167342,69975,116.99999999999997,110.7,6.3000000000000025,1704.7999999999997
BCMH,Telco Rm Stack 1-7,Q2QW-58XN-BVA3,16,ShoreTel,True,1378753,1237381,141372,130.29999999999998,117.30000000000003,12.999999999999998,1740.8
BCMH,Telco Rm Stack 1-7,Q2QW-58XN-BVA3,18,ShoreTel,True,5919017,4461082,1457935,560.9,422.8999999999999,138.0,2085.0000000000005
BCMH,Telco Rm Stack 1-7,Q2QW-58XN-BVA3,20,ShoreTel,True,1249656,1173946,75710,117.99999999999997,111.30000000000001,6.700000000000003,1838.1999999999998
BCMH,Telco Rm Stack 1-7,Q2QW-58XN-BVA3,22,ShoreTel,True,39707869,28164410,11543459,3764.4000000000005,2670.2000000000003,1094.2000000000003,2164.1000000000004
BCMH,Telco Rm Stack 1-7,Q2QW-58XN-BVA3,25,Telstrat ED Phone 7019,True,110271046,78592226,31678820,10455.200000000003,7451.400000000001,3003.8000000000006,2175.7999999999997
BCMH,Telco Rm Stack 1-7,Q2QW-58XN-BVA3,26,Telstrat ED Phone 7050,True,3179423,2168205,1011218,301.4,205.50000000000003,95.9,4231.0
BCMH,Telco Rm Stack 1-7,Q2QW-58XN-BVA3,28,Telstrat ED Phone 7010,True,2805495,1558802,1246693,265.7,147.69999999999996,118.0,3923.3999999999996
BCMH,Telco Rm Stack 1-7,Q2QW-58XN-BVA3,37,Static,True,499831,388402,111429,47.0,36.50000000000001,10.500000000000002,0.0
BCMH,Telco Rm Stack 1-7,Q2QW-58XN-BVA3,38,Static,True,553086,457482,95604,53.00000000000003,43.699999999999996,9.3,0.0
BCMH,Telco Rm Stack 1-7,Q2QW-58XN-BVA3,40,Spanning Tree to Data Cntr 1/3/40,True,508321457,56533,508264924,48197.09999999999,6.200000000000003,48190.899999999994,0.0
BCMH,Telco Rm Stack 1-7,Q2QW-58XN-BVA3,41,Telstrat,True,39453136,32386120,7067016,3740.7,3070.5000000000005,670.2,0.0
BCMH,Telco Rm Stack 1-7,Q2QW-58XN-BVA3,42,Shortel ST48,True,11560529,6080986,5479543,1096.0,576.6999999999999,519.3,0.0
BCMH,Telco Rm Stack 1-7,Q2QW-58XN-BVA3,43,Shortel ST48A,True,31413301,15959027,15454274,2978.2999999999997,1512.7999999999997,1465.4999999999998,0.0
BCMH,Telco Rm Stack 1-7,Q2QW-58XN-BVA3,44,Shortel ST100A,True,10260931,5686451,4574480,973.1000000000001,539.3,433.8,0.0
BCMH,Telco Rm Stack 1-7,Q2QW-58XN-BVA3,45,Shortel ST100DA,True,108845785,55387381,53458404,10320.099999999997,5251.5,5068.600000000001,0.0
BCMH,Telco Rm Stack 1-7,Q2QW-58XN-BVA3,46,Shortel ST200,True,1715460,1144581,570879,163.0,108.6,54.4,0.0
BCMH,Telco Rm Stack 1-7,Q2QW-58XN-BVA3,48,Nortel 5530 port 10,True,295179632,294376744,802888,27987.100000000002,27911.300000000007,75.79999999999995,0.0
BCMH,Telco Rm Stack 1-7,Q2QW-58XN-BVA3,54,,True,731161119,226485035,504676084,69325.1,21474.3,47850.799999999996,0.0
BCMH,East Wing Stack 1-2,Q2QW-5BUL-MR55,15,Shortel,True,52041661,37827410,14214251,4934.699999999999,3586.7,1348.0,2172.2000000000003
BCMH,East Wing Stack 1-2,Q2QW-5BUL-MR55,22,Shortel,True,16910056,12534860,4375196,1603.3000000000002,1188.4999999999998,414.7999999999999,706.0000000000001
BCMH,East Wing Stack 1-2,Q2QW-5BUL-MR55,29,Shortel,True,18532988,12473527,6059461,1757.3000000000002,1182.6999999999996,574.6,1521.8000000000002
BCMH,East Wing Stack 1-2,Q2QW-5BUL-MR55,36,Patient Accounts 1500,True,503255,475797,27458,48.50000000000001,45.400000000000006,3.1000000000000014,0.0
BCMH,East Wing Stack 1-2,Q2QW-5BUL-MR55,40,Spanning Tree to Data Cntr 1/6/40,True,508035789,41148435,466887354,48170.099999999984,3902.1999999999953,44267.900000000016,0.0
BCMH,East Wing Stack 1-2,Q2QW-5BUL-MR55,42,Patient Accounts UB,True,246935,206760,40175,21.69999999999999,18.6,3.1000000000000014,0.0
BCMH,East Wing Stack 1-2,Q2QW-5BUL-MR55,43,Patient Accounts MFP,True,347512,278165,69347,32.9,26.200000000000006,6.700000000000002,0.0
BCMH,East Wing Stack 1-2,Q2QW-5BUL-MR55,44,Static,True,278465,254888,23577,27.499999999999993,24.400000000000002,3.1000000000000014,0.0
BCMH,East Wing Stack 1-2,Q2QW-5BUL-MR55,45,Static,True,743855,704034,39821,70.80000000000001,66.90000000000002,3.9000000000000026,0.0
BCMH,East Wing Stack 1-2,Q2QW-5BUL-MR55,47,Wireless AP,True,553922922,543870854,10052068,52520.19999999999,51566.99999999999,953.2,4470.599999999999
BCMH,East Wing Stack 1-2,Q2QW-5BUL-MR55,48,Wireless AP,True,1041476890,1015683169,25793721,98747.39999999998,96301.9,2445.5,4535.900000000001
BCMH,East Wing Stack 1-2,Q2QW-5BUL-MR55,53,,True,433223562,37502770,395720792,41076.29999999999,3555.9000000000005,37520.4,0.0
BCMH,East Wing Stack 1-2,Q2QW-5BUL-MR55,54,,True,764483025,27027848,737455177,72484.09999999999,2562.7000000000003,69921.4,0.0
BCMH,2nd Floor Stack 1 - 5,Q2QW-5D3L-6FMC,2,ShoreTel,True,25475055,15613673,9861382,2414.9999999999995,1480.1999999999998,934.8000000000002,0.0
BCMH,2nd Floor Stack 1 - 5,Q2QW-5D3L-6FMC,4,ShoreTel,True,9825036,6413366,3411670,931.8,608.0,323.80000000000007,0.0
BCMH,2nd Floor Stack 1 - 5,Q2QW-5D3L-6FMC,8,ShoreTel,True,109597851,91563716,18034135,10391.500000000002,8681.699999999999,1709.7999999999995,0.0
BCMH,2nd Floor Stack 1 - 5,Q2QW-5D3L-6FMC,13,ShoreTel,True,645794,645794,0,61.30000000000001,61.30000000000001,0.0,0.0
BCMH,2nd Floor Stack 1 - 5,Q2QW-5D3L-6FMC,14,ShoreTel,True,20296258,13980564,6315694,1924.5999999999997,1325.6999999999996,598.9000000000001,1927.8000000000002
BCMH,2nd Floor Stack 1 - 5,Q2QW-5D3L-6FMC,17,ShoreTel,True,62623862,57079246,5544616,5937.600000000001,5412.000000000001,525.6,2309.2999999999997
BCMH,2nd Floor Stack 1 - 5,Q2QW-5D3L-6FMC,20,ShoreTel,True,510610,444937,65673,48.4,42.300000000000004,6.099999999999998,0.0
BCMH,2nd Floor Stack 1 - 5,Q2QW-5D3L-6FMC,22,ShoreTel,True,27443668,19743502,7700166,2602.2,1872.2,730.0000000000001,2187.1
BCMH,2nd Floor Stack 1 - 5,Q2QW-5D3L-6FMC,24,ShoreTel,True,29782630,20744634,9037996,2824.2000000000007,1967.0999999999997,857.0999999999999,2289.1
BCMH,2nd Floor Stack 1 - 5,Q2QW-5D3L-6FMC,25,Data ,True,503166,478689,24477,48.79999999999998,45.700000000000024,3.1000000000000014,0.0
BCMH,2nd Floor Stack 1 - 5,Q2QW-5D3L-6FMC,26,ShoreTel,True,19021530,12495367,6526163,1803.8000000000002,1184.8999999999999,618.9000000000001,0.0
BCMH,2nd Floor Stack 1 - 5,Q2QW-5D3L-6FMC,36,Patient Services,True,361876,298828,63048,34.59999999999998,28.399999999999984,6.200000000000003,0.0
BCMH,2nd Floor Stack 1 - 5,Q2QW-5D3L-6FMC,39,Acute Prescription,True,237869,214496,23373,23.700000000000006,20.599999999999987,3.1000000000000014,0.0
BCMH,2nd Floor Stack 1 - 5,Q2QW-5D3L-6FMC,40,Static,True,198911,198447,464,18.7,18.7,0.0,0.0
BCMH,2nd Floor Stack 1 - 5,Q2QW-5D3L-6FMC,41,Acute Nurses,True,933968,901567,32401,88.5,85.40000000000002,3.1000000000000014,0.0
BCMH,2nd Floor Stack 1 - 5,Q2QW-5D3L-6FMC,42,Static,True,199235,198794,441,18.7,18.7,0.0,0.0
BCMH,2nd Floor Stack 1 - 5,Q2QW-5D3L-6FMC,43,Acute MFP,True,403648,338571,65077,38.699999999999996,32.49999999999999,6.200000000000003,0.0
BCMH,2nd Floor Stack 1 - 5,Q2QW-5D3L-6FMC,44,Static,True,199270,198834,436,18.7,18.7,0.0,0.0
BCMH,2nd Floor Stack 1 - 5,Q2QW-5D3L-6FMC,46,Static,True,198883,198425,458,18.7,18.7,0.0,0.0
BCMH,2nd Floor Stack 1 - 5,Q2QW-5D3L-6FMC,53,,True,1027253755,513841401,513412354,97398.99999999999,48719.8,48679.200000000004,0.0
BCMH,2nd Floor Stack 1 - 5,Q2QW-5D3L-6FMC,54,,True,816779604,68073625,748705979,77442.99999999999,6454.299999999999,70988.7,0.0
BCMH,Nursery FCC Stack 1-2,Q2QW-5DLK-KFM9,2,Shortel,True,15472884,9250693,6222191,1466.8000000000002,876.9,589.9,0.0
BCMH,Nursery FCC Stack 1-2,Q2QW-5DLK-KFM9,3,Shortel,True,14414515,8394237,6020278,1366.8999999999999,796.0000000000001,570.8999999999999,0.0
BCMH,Nursery FCC Stack 1-2,Q2QW-5DLK-KFM9,11,Shortel,True,13552232,8817045,4735187,1284.7000000000003,835.9,448.79999999999995,0.0
BCMH,Nursery FCC Stack 1-2,Q2QW-5DLK-KFM9,22,Shortel,True,1294144,1082204,211940,122.99999999999997,102.89999999999999,20.09999999999999,1711.6999999999998
BCMH,Nursery FCC Stack 1-2,Q2QW-5DLK-KFM9,23,Shortel,True,1002393,936650,65743,94.79999999999998,88.9,5.900000000000003,1702.6000000000001
BCMH,Nursery FCC Stack 1-2,Q2QW-5DLK-KFM9,24,Shortel,True,12013364,6265185,5748179,1139.2,594.0000000000001,545.2,0.0
BCMH,Nursery FCC Stack 1-2,Q2QW-5DLK-KFM9,25,Shortel,True,27226442,19074117,8152325,2581.399999999999,1808.5000000000002,772.9000000000001,2339.9000000000005
BCMH,Nursery FCC Stack 1-2,Q2QW-5DLK-KFM9,26,Shortel,True,21291695,17400034,3891661,2018.6999999999998,1649.5999999999992,369.09999999999997,0.0
BCMH,Nursery FCC Stack 1-2,Q2QW-5DLK-KFM9,32,Shortel,True,14763053,8848537,5914516,1399.5,838.8000000000001,560.6999999999999,0.0
BCMH,Nursery FCC Stack 1-2,Q2QW-5DLK-KFM9,33,Shortel,True,15201490,9313119,5888371,1441.4,883.2,558.2,0.0
BCMH,Nursery FCC Stack 1-2,Q2QW-5DLK-KFM9,37,Static,True,281904,249642,32262,26.999999999999996,23.900000000000002,3.1000000000000014,0.0
BCMH,Nursery FCC Stack 1-2,Q2QW-5DLK-KFM9,38,Static-AVTech,True,181908,175729,6179,16.1,15.899999999999999,0.2,1940.6
BCMH,Nursery FCC Stack 1-2,Q2QW-5DLK-KFM9,40,Static,True,170217,169643,574,15.6,15.6,0.0,0.0
BCMH,Nursery FCC Stack 1-2,Q2QW-5DLK-KFM9,41,Static,True,170978,170076,902,15.7,15.6,0.1,0.0
BCMH,Nursery FCC Stack 1-2,Q2QW-5DLK-KFM9,42,Camera DVR,True,1245972,900792,345180,119.10000000000004,85.4,33.70000000000002,0.0
BCMH,Nursery FCC Stack 1-2,Q2QW-5DLK-KFM9,44,Static,True,237584,213851,23733,23.89999999999999,20.800000000000004,3.1000000000000014,0.0
BCMH,Nursery FCC Stack 1-2,Q2QW-5DLK-KFM9,46,Shortel Test,True,8177208,4248148,3929060,775.8000000000001,403.20000000000016,372.59999999999997,0.0
BCMH,Nursery FCC Stack 1-2,Q2QW-5DLK-KFM9,47,Wireless AP,True,541171929,529421441,11750488,51310.9,50197.0,1113.8999999999999,4463.299999999998
BCMH,Nursery FCC Stack 1-2,Q2QW-5DLK-KFM9,48,Wireless AP,True,584240995,565106019,19134976,55394.70000000001,53580.4,1814.3,4590.5
BCMH,Nursery FCC Stack 1-2,Q2QW-5DLK-KFM9,53,,True,129956460,53941264,76015196,12322.000000000002,5114.5,7207.5,0.0
BCMH,Nursery FCC Stack 1-2,Q2QW-5DLK-KFM9,54,,True,641505552,30461984,611043568,60824.100000000006,2888.2000000000003,57935.9,0.0
BCMH,Telco Rm Stack 1-3,Q2QW-5E48-N4HG,1,ShoreTel,True,1505515,1302111,203404,142.50000000000003,123.49999999999999,18.999999999999996,1710.3
BCMH,Telco Rm Stack 1-3,Q2QW-5E48-N4HG,3,Postage Machine,True,43397,39686,3711,3.7000000000000015,3.5000000000000018,0.2,0.0
BCMH,Telco Rm Stack 1-3,Q2QW-5E48-N4HG,6,ShoreTel,True,1362281,1229733,132548,129.4,116.60000000000001,12.800000000000008,1771.8000000000002
BCMH,Telco Rm Stack 1-3,Q2QW-5E48-N4HG,7,ShoreTel,True,20459354,12910605,7548749,1939.8999999999994,1223.9999999999998,715.9,0.0
BCMH,Telco Rm Stack 1-3,Q2QW-5E48-N4HG,8,ShoreTel,True,578535270,557684951,20850319,54853.80000000001,52876.799999999996,1976.9999999999998,2170.7
BCMH,Telco Rm Stack 1-3,Q2QW-5E48-N4HG,10,ShoreTel,True,26426251,19416069,7010182,2505.0000000000005,1840.4000000000005,664.5999999999999,2115.7000000000003
BCMH,Telco Rm Stack 1-3,Q2QW-5E48-N4HG,11,ShoreTel,True,1363339,1229674,133665,128.99999999999997,116.60000000000004,12.399999999999997,1720.3
BCMH,Telco Rm Stack 1-3,Q2QW-5E48-N4HG,12,ShoreTel,True,1238201,1166206,71995,117.19999999999997,110.60000000000002,6.600000000000003,1630.1999999999998
BCMH,Telco Rm Stack 1-3,Q2QW-5E48-N4HG,13,ShoreTel,True,44575933,37573643,7002290,4226.6,3562.6,664.0,0.0
BCMH,Telco Rm Stack 1-3,Q2QW-5E48-N4HG,14,ShoreTel,True,1276933,1186350,90583,120.59999999999997,112.40000000000002,8.200000000000003,1761.1000000000001
BCMH,Telco Rm Stack 1-3,Q2QW-5E48-N4HG,15,ShoreTel,True,1538506,1316821,221685,145.5,124.8,20.699999999999996,1746.3999999999999
BCMH,Telco Rm Stack 1-3,Q2QW-5E48-N4HG,17,ShoreTel,True,57719559,40271571,17447988,5473.0,3818.5,1654.5000000000002,2159.4
BCMH,Telco Rm Stack 1-3,Q2QW-5E48-N4HG,19,ShoreTel,True,1268095,1180848,87247,119.99999999999999,112.10000000000001,7.900000000000003,1722.4000000000003
BCMH,Telco Rm Stack 1-3,Q2QW-5E48-N4HG,22,ShoreTel,True,1950706,1733785,216921,185.19999999999996,164.30000000000004,20.9,1767.4999999999998
BCMH,Telco Rm Stack 1-3,Q2QW-5E48-N4HG,23,ShoreTel,True,29440875,18734833,10706042,2791.7999999999997,1776.5000000000002,1015.3000000000002,0.0
BCMH,Telco Rm Stack 1-3,Q2QW-5E48-N4HG,24,ShoreTel,True,15933734,11757748,4175986,1511.0000000000002,1114.9,396.1000000000001,2148.2000000000003
BCMH,Telco Rm Stack 1-3,Q2QW-5E48-N4HG,28,ShoreTel,True,1916887,1509710,407177,181.7,143.3,38.400000000000006,1698.3
BCMH,Telco Rm Stack 1-3,Q2QW-5E48-N4HG,30,ShoreTel,True,1234389,1165523,68866,116.49999999999997,110.40000000000002,6.100000000000002,1630.2999999999997
BCMH,Telco Rm Stack 1-3,Q2QW-5E48-N4HG,32,ShoreTel,True,1710580,1405039,305541,162.1,133.40000000000003,28.699999999999996,1734.3
BCMH,Telco Rm Stack 1-3,Q2QW-5E48-N4HG,34,ShoreTel,True,37838134,22894918,14943216,3587.5,2170.7999999999997,1416.7,2203.7
BCMH,Telco Rm Stack 1-3,Q2QW-5E48-N4HG,36,ShoreTel,True,46674181,38664439,8009742,4425.400000000001,3665.9999999999995,759.4000000000001,0.0
BCMH,Telco Rm Stack 1-3,Q2QW-5E48-N4HG,53,,True,856563628,680690557,175873071,81214.8,64539.4,16675.399999999998,0.0
BCMH,Telco Rm Stack 1-3,Q2QW-5E48-N4HG,54,,True,1719562659,277763418,1441799241,163040.20000000004,26336.300000000003,136703.90000000002,0.0
BCMH,Radiology 1 Stack 1-2,Q2QW-5E72-MBXJ,1,Data 130,True,16227305,11543640,4683665,1538.1999999999998,1094.3999999999999,443.79999999999995,0.0
BCMH,Radiology 1 Stack 1-2,Q2QW-5E72-MBXJ,4,Data 130,True,17166632,12343994,4822638,1627.5999999999997,1170.4,457.20000000000016,0.0
BCMH,Radiology 1 Stack 1-2,Q2QW-5E72-MBXJ,5,Data 130,True,14994608,11258050,3736558,1421.7,1067.3,354.40000000000003,0.0
BCMH,Radiology 1 Stack 1-2,Q2QW-5E72-MBXJ,6,Data 130,True,12830938,10094299,2736639,1216.4999999999998,957.2,259.3,0.0
BCMH,Radiology 1 Stack 1-2,Q2QW-5E72-MBXJ,7,Data 130,True,15376721,11617569,3759152,1458.1000000000001,1101.7,356.3999999999999,0.0
BCMH,Radiology 1 Stack 1-2,Q2QW-5E72-MBXJ,12,Data 130,True,3714904,3614936,99968,351.90000000000003,342.69999999999993,9.2,0.0
BCMH,Radiology 1 Stack 1-2,Q2QW-5E72-MBXJ,16,Rad Mamo,True,176480780,39575295,136905485,16733.1,3752.399999999999,12980.7,0.0
BCMH,Radiology 1 Stack 1-2,Q2QW-5E72-MBXJ,17,Data 130,True,24976218,17072055,7904163,2368.2999999999997,1618.8,749.5,0.0
BCMH,Radiology 1 Stack 1-2,Q2QW-5E72-MBXJ,19,Data 130,True,29864153,25411656,4452497,2831.6000000000004,2409.5,422.09999999999997,0.0
BCMH,Radiology 1 Stack 1-2,Q2QW-5E72-MBXJ,23,Camera,True,1249983,480684,769299,117.60000000000007,44.9,72.7,5900.0
BCMH,Radiology 1 Stack 1-2,Q2QW-5E72-MBXJ,26,Data 130,True,462950081,462848195,101886,43894.90000000001,43884.7,10.199999999999994,0.0
BCMH,Radiology 1 Stack 1-2,Q2QW-5E72-MBXJ,28,Data 130,True,5167282,3623137,1544145,489.3999999999999,343.4,145.99999999999997,0.0
BCMH,Radiology 1 Stack 1-2,Q2QW-5E72-MBXJ,29,ED Reg Camera,True,12751557,2793223,9958334,1208.6,264.49999999999994,944.0999999999999,3368.8999999999996
BCMH,Radiology 1 Stack 1-2,Q2QW-5E72-MBXJ,39,Data 130,True,18032209,14871284,3160925,1709.8999999999999,1410.0000000000005,299.9,0.0
BCMH,Radiology 1 Stack 1-2,Q2QW-5E72-MBXJ,43,Data 130,True,202080344,200532141,1548203,19160.300000000003,19013.499999999993,146.8,0.0
BCMH,Radiology 1 Stack 1-2,Q2QW-5E72-MBXJ,44,Wireless AP,True,1095218746,1073544958,21673788,103843.00000000001,101788.0,2055.0,4555.100000000001
BCMH,Radiology 1 Stack 1-2,Q2QW-5E72-MBXJ,46,Teah's Ultrasound Modality,True,35485749,814482,34671267,3364.6,77.19999999999999,3287.4,0.0
BCMH,Radiology 1 Stack 1-2,Q2QW-5E72-MBXJ,47,Wireless AP,True,1627769688,1539718830,88050858,154336.79999999996,145988.1,8348.7,4893.2
BCMH,Radiology 1 Stack 1-2,Q2QW-5E72-MBXJ,53,,True,3392781210,2236115360,1156665850,321686.0,212017.0,109669.00000000001,0.0
BCMH,Radiology 1 Stack 1-2,Q2QW-5E72-MBXJ,54,,True,5524379759,1420309816,4104069943,523792.5999999999,134666.4,389126.1999999999,0.0
BCMH,Telco Rm Stack 1-4,Q2QW-5EHG-ZMP6,18,ShoreTel,True,35808239,21671946,14136293,3395.1,2054.9,1340.1999999999998,2149.9000000000005
BCMH,Telco Rm Stack 1-4,Q2QW-5EHG-ZMP6,53,,True,820541093,659299600,161241493,77799.40000000001,62511.3,15288.100000000004,0.0
BCMH,Telco Rm Stack 1-4,Q2QW-5EHG-ZMP6,54,,True,856560391,175872989,680687402,81214.69999999998,16675.5,64539.200000000004,0.0
BCMH,Radiology 1 Stack 1-3,Q2QW-5FE2-CB9Z,1,ShoreTel,True,591710,520108,71602,56.00000000000001,49.500000000000014,6.500000000000002,1650.7999999999995
BCMH,Radiology 1 Stack 1-3,Q2QW-5FE2-CB9Z,2,ShoreTel,True,604711,534737,69974,57.40000000000001,50.90000000000001,6.5,1723.2000000000003
BCMH,Radiology 1 Stack 1-3,Q2QW-5FE2-CB9Z,3,ShoreTel,True,48900333,39607560,9292773,4636.500000000001,3755.5000000000005,881.0,2000.9000000000003
BCMH,Radiology 1 Stack 1-3,Q2QW-5FE2-CB9Z,5,ShoreTel,True,606176,535649,70527,57.400000000000006,50.90000000000001,6.500000000000001,1727.8
BCMH,Radiology 1 Stack 1-3,Q2QW-5FE2-CB9Z,7,ShoreTel,True,582188,515142,67046,55.20000000000001,49.100000000000016,6.100000000000003,1720.3999999999999
BCMH,Radiology 1 Stack 1-3,Q2QW-5FE2-CB9Z,11,ShoreTel,True,571912,518702,53210,53.60000000000002,49.500000000000014,4.100000000000001,1702.0000000000002
BCMH,Radiology 1 Stack 1-3,Q2QW-5FE2-CB9Z,12,ShoreTel,True,29990824,19199256,10791568,2844.0,1820.4000000000003,1023.5999999999998,2250.1
BCMH,Radiology 1 Stack 1-3,Q2QW-5FE2-CB9Z,13,ShoreTel,True,579588,514140,65448,54.900000000000006,49.000000000000014,5.900000000000003,1700.8000000000002
BCMH,Radiology 1 Stack 1-3,Q2QW-5FE2-CB9Z,14,ShoreTel,True,560989,513364,47625,52.70000000000002,49.100000000000016,3.6000000000000023,1670.8
BCMH,Radiology 1 Stack 1-3,Q2QW-5FE2-CB9Z,16,ShoreTel,True,584260,524783,59477,55.400000000000006,50.00000000000002,5.400000000000001,1686.4000000000005
BCMH,Radiology 1 Stack 1-3,Q2QW-5FE2-CB9Z,17,ShoreTel,True,394838100,365621442,29216658,37436.200000000004,34666.200000000004,2770.0000000000005,0.0
BCMH,Radiology 1 Stack 1-3,Q2QW-5FE2-CB9Z,20,EMS Manager,True,802950,774844,28106,76.80000000000001,73.7,3.1000000000000014,0.0
BCMH,Radiology 1 Stack 1-3,Q2QW-5FE2-CB9Z,22,ShoreTel,True,572307,518392,53915,54.60000000000001,49.500000000000014,5.100000000000001,1631.1000000000001
BCMH,Radiology 1 Stack 1-3,Q2QW-5FE2-CB9Z,24,ShoreTel,True,743721,595876,147845,70.4,56.7,13.699999999999998,1722.1000000000004
BCMH,Radiology 1 Stack 1-3,Q2QW-5FE2-CB9Z,25,ShoreTel,True,3517996,2003479,1514517,333.49999999999983,190.00000000000003,143.5,0.0
BCMH,Radiology 1 Stack 1-3,Q2QW-5FE2-CB9Z,26,ShoreTel,True,697563,570522,127041,65.60000000000001,54.00000000000002,11.599999999999998,1744.3000000000004
BCMH,Radiology 1 Stack 1-3,Q2QW-5FE2-CB9Z,28,ShoreTel,True,191452281,173659934,17792347,18152.299999999996,16465.500000000004,1686.8000000000004,0.0
BCMH,Radiology 1 Stack 1-3,Q2QW-5FE2-CB9Z,29,ShoreTel,True,577253,518264,58989,54.40000000000001,49.50000000000002,4.8999999999999995,1681.5999999999997
BCMH,Radiology 1 Stack 1-3,Q2QW-5FE2-CB9Z,30,Radiology Stable,True,346644222,330979393,15664829,32867.0,31381.700000000008,1485.3,0.0
BCMH,Radiology 1 Stack 1-3,Q2QW-5FE2-CB9Z,31,Radiology Reception,True,523693,458273,65420,49.9,43.6,6.3000000000000025,0.0
BCMH,Radiology 1 Stack 1-3,Q2QW-5FE2-CB9Z,32,Radiology Chris,True,541994,510680,31314,51.60000000000001,48.50000000000001,3.1000000000000014,0.0
BCMH,Radiology 1 Stack 1-3,Q2QW-5FE2-CB9Z,34,Lab_BioFire,True,3359595,2074733,1284862,318.70000000000005,196.60000000000002,122.10000000000002,0.0
BCMH,Radiology 1 Stack 1-3,Q2QW-5FE2-CB9Z,35,,True,58371452,44949635,13421817,5534.799999999998,4261.799999999999,1273.0,0.0
BCMH,Radiology 1 Stack 1-3,Q2QW-5FE2-CB9Z,37,CT Scanner,True,89692394,2056821,87635573,8504.0,195.00000000000003,8308.999999999998,0.0
BCMH,Radiology 1 Stack 1-3,Q2QW-5FE2-CB9Z,43,ER MFP,True,1820306,1729335,90971,172.69999999999996,164.20000000000005,8.5,0.0
BCMH,Radiology 1 Stack 1-3,Q2QW-5FE2-CB9Z,44,ER Epower,True,2735910,2648026,87884,259.6,250.89999999999995,8.7,0.0
BCMH,Radiology 1 Stack 1-3,Q2QW-5FE2-CB9Z,47,Wireless AP,True,994242479,955218331,39024148,94269.00000000001,90568.79999999999,3700.1999999999994,4722.2
BCMH,Radiology 1 Stack 1-3,Q2QW-5FE2-CB9Z,53,,True,1705898176,783389307,922508869,161744.59999999995,74276.90000000001,87467.7,0.0
BCMH,Radiology 1 Stack 1-3,Q2QW-5FE2-CB9Z,54,,True,3392740597,1156599559,2236141038,321682.0,109662.70000000001,212019.30000000002,0.0
BCMH,Infusion Center,Q2QW-5FSZ-948A,13,Shortel,True,475460,346106,129354,44.50000000000002,32.599999999999994,11.899999999999997,1643.1
BCMH,Infusion Center,Q2QW-5FSZ-948A,14,Shortel,True,55737204,50150395,5586809,5284.4,4754.8,529.6000000000001,0.0
BCMH,Infusion Center,Q2QW-5FSZ-948A,15,Shortel,True,894861,563074,331787,84.50000000000001,53.39999999999999,31.1,1741.9000000000005
BCMH,Infusion Center,Q2QW-5FSZ-948A,16,Shortel,True,39953728,29643996,10309732,3788.2,2810.8000000000006,977.4000000000001,0.0
BCMH,Infusion Center,Q2QW-5FSZ-948A,17,Shortel,True,965696,595993,369703,91.39999999999999,56.499999999999986,34.900000000000006,1630.2999999999995
BCMH,Infusion Center,Q2QW-5FSZ-948A,18,Shortel,True,14632322,10249964,4382358,1387.0000000000002,971.6999999999998,415.29999999999995,0.0
BCMH,Infusion Center,Q2QW-5FSZ-948A,19,Shortel,True,1029820,621964,407856,97.49999999999999,58.99999999999999,38.5,1721.1000000000001
BCMH,Infusion Center,Q2QW-5FSZ-948A,20,Shortel,True,133637610,121287549,12350061,12671.1,11500.0,1171.1000000000001,0.0
BCMH,Infusion Center,Q2QW-5FSZ-948A,21,Shortel,True,383188,307926,75262,35.49999999999999,29.099999999999998,6.399999999999997,1689.3999999999999
BCMH,Infusion Center,Q2QW-5FSZ-948A,22,Shortel,True,13093487,10343682,2749805,1241.6999999999998,980.9000000000001,260.8,0.0
BCMH,Infusion Center,Q2QW-5FSZ-948A,23,Shortel,True,1375741,803447,572294,130.4,76.0,54.40000000000001,1797.2000000000003
BCMH,Infusion Center,Q2QW-5FSZ-948A,24,Shortel,True,30032163,20962835,9069328,2847.3999999999996,1987.4000000000003,859.9999999999999,0.0
BCMH,Infusion Center,Q2QW-5FSZ-948A,31,Pyxis,True,1723138,1156818,566320,163.4,109.90000000000003,53.50000000000002,0.0
BCMH,Infusion Center,Q2QW-5FSZ-948A,32,AVTech Temp Sensor,True,259632,254470,5162,24.600000000000012,24.500000000000014,0.1,0.0
BCMH,Infusion Center,Q2QW-5FSZ-948A,34,Shoretel,True,3985450,3814759,170691,377.7,361.6,16.099999999999998,1698.6000000000004
BCMH,Infusion Center,Q2QW-5FSZ-948A,35,Static,True,21901019,16948266,4952753,2076.8,1606.9999999999998,469.7999999999999,0.0
BCMH,Infusion Center,Q2QW-5FSZ-948A,37,Static - Printer,True,1816155,1736033,80122,172.09999999999997,164.79999999999998,7.299999999999998,0.0
BCMH,Infusion Center,Q2QW-5FSZ-948A,45,Openpath,True,940328,637791,302537,89.09999999999998,60.400000000000006,28.699999999999996,4596.0
BCMH,Infusion Center,Q2QW-5FSZ-948A,46,Hillrom,True,411095,267465,143630,37.2,24.80000000000001,12.400000000000006,0.0
BCMH,Infusion Center,Q2QW-5FSZ-948A,48,Wireless AP,True,585381389,576517858,8863531,55503.10000000001,54662.500000000015,840.5999999999998,4373.299999999999
BCMH,Infusion Center,Q2QW-5FSZ-948A,49,,True,901924662,62164873,839759789,85515.8,5894.200000000001,79621.59999999998,0.0
BCMH,2nd Floor Stack 1 - 4,Q2QW-5J6M-V8LW,1,ShoreTel,True,2126407,1369173,757234,201.3,129.69999999999996,71.6,1758.8999999999996
BCMH,2nd Floor Stack 1 - 4,Q2QW-5J6M-V8LW,2,ShoreTel,True,19927264,14961190,4966074,1889.5999999999997,1418.7000000000003,470.9000000000001,2206.8
BCMH,2nd Floor Stack 1 - 4,Q2QW-5J6M-V8LW,6,ShoreTel,True,22732522,15718923,7013599,2155.6,1490.6,664.9999999999999,0.0
BCMH,2nd Floor Stack 1 - 4,Q2QW-5J6M-V8LW,8,AVTech Temp Sensor,True,655397,650944,4453,61.70000000000002,61.600000000000016,0.1,1783.2999999999997
BCMH,2nd Floor Stack 1 - 4,Q2QW-5J6M-V8LW,25,ShoreTel,True,645816,645816,0,61.300000000000004,61.300000000000004,0.0,0.0
BCMH,2nd Floor Stack 1 - 4,Q2QW-5J6M-V8LW,29,ShoreTel,True,12585496,8575081,4010415,1193.2,813.0999999999999,380.0999999999999,0.0
BCMH,2nd Floor Stack 1 - 4,Q2QW-5J6M-V8LW,31,ShoreTel,True,238145266,229368174,8777092,22579.3,21747.3,832.0,0.0
BCMH,2nd Floor Stack 1 - 4,Q2QW-5J6M-V8LW,46,Static,True,268041,219894,48147,24.99999999999999,20.79999999999999,4.200000000000002,0.0
BCMH,2nd Floor Stack 1 - 4,Q2QW-5J6M-V8LW,53,,True,812250011,29350220,782899791,77013.49999999999,2783.0000000000005,74230.5,0.0
BCMH,2nd Floor Stack 1 - 4,Q2QW-5J6M-V8LW,54,,True,1027239711,513405322,513834389,97398.00000000003,48678.59999999999,48719.4,0.0
BCMH,Education Basement,Q2QW-5LHL-U2J9,3,ShoreTel,True,13334140,9671936,3662204,1263.9,916.6000000000001,347.3,1863.1
BCMH,Education Basement,Q2QW-5LHL-U2J9,12,ACU EDU Basement,True,683454,419247,264207,65.00000000000001,39.8,25.2,0.0
BCMH,Education Basement,Q2QW-5LHL-U2J9,45,Camera,True,264309,214311,49998,23.89999999999999,20.000000000000004,3.9000000000000017,1625.5000000000002
BCMH,Education Basement,Q2QW-5LHL-U2J9,47,Wireless AP,True,516563931,514180820,2383111,48978.09999999999,48752.09999999999,225.99999999999997,4392.7
BCMH,Education Basement,Q2QW-5LHL-U2J9,49,Uplink Telco,True,531614760,7082063,524532697,50405.1,671.4999999999999,49733.60000000001,0.0
BCMH,2nd Floor Stack 1 - 6,Q2QW-5LPS-3XUS,6,Pyxis Medsurg,True,3212649,2697044,515605,305.0,255.99999999999997,48.99999999999999,0.0
BCMH,2nd Floor Stack 1 - 6,Q2QW-5LPS-3XUS,7,Data 130,True,30144975,24512083,5632892,2858.8,2324.6000000000004,534.1999999999999,1870.2
BCMH,2nd Floor Stack 1 - 6,Q2QW-5LPS-3XUS,14,OPC2-MFP-Bissing,True,2130955,2063269,67686,201.90000000000003,195.59999999999994,6.299999999999998,0.0
BCMH,2nd Floor Stack 1 - 6,Q2QW-5LPS-3XUS,22,Data 130,True,35805873,29029946,6775927,3395.0,2752.3999999999996,642.5999999999999,2242.399999999999
BCMH,2nd Floor Stack 1 - 6,Q2QW-5LPS-3XUS,24,Data 130,True,26959517,22587320,4372197,2556.0,2141.6000000000004,414.4,2135.6000000000004
BCMH,2nd Floor Stack 1 - 6,Q2QW-5LPS-3XUS,29,Data 130,True,30939938,28097743,2842195,2933.7000000000003,2664.2,269.5,0.0
BCMH,2nd Floor Stack 1 - 6,Q2QW-5LPS-3XUS,31,Data 130,True,29462153,26787779,2674374,2793.5999999999995,2540.2000000000003,253.39999999999995,0.0
BCMH,2nd Floor Stack 1 - 6,Q2QW-5LPS-3XUS,40,Spanning Tree to Data Cntr 1/5/40,True,508322455,56800,508265655,48197.19999999998,6.200000000000003,48191.0,0.0
BCMH,2nd Floor Stack 1 - 6,Q2QW-5LPS-3XUS,44,Hillrom,True,4253037,1776053,2476984,403.3,168.60000000000002,234.70000000000005,0.0
BCMH,2nd Floor Stack 1 - 6,Q2QW-5LPS-3XUS,53,,True,816758421,748685104,68073317,77440.90000000001,70986.20000000001,6454.700000000001,0.0
BCMH,2nd Floor Stack 1 - 6,Q2QW-5LPS-3XUS,54,,True,969778434,99588681,870189753,91949.3,9442.4,82506.90000000001,0.0
BCMH,Telco Rm Stack 2-3,Q2QW-5LPT-EC8M,1,Shortel,True,14494895,11162066,3332829,1374.2999999999995,1058.3,315.9999999999999,2269.0
BCMH,Telco Rm Stack 2-3,Q2QW-5LPT-EC8M,2,Shortel,True,1232609,1167595,65014,116.79999999999997,110.9,5.900000000000003,1663.1000000000001
BCMH,Telco Rm Stack 2-3,Q2QW-5LPT-EC8M,8,Shortel,True,71111800,64665596,6446204,6742.500000000003,6131.6,610.8999999999999,1875.5
BCMH,Telco Rm Stack 2-3,Q2QW-5LPT-EC8M,9,Shortel,True,1134715,1124541,10174,106.60000000000002,106.60000000000002,0.0,0.0
BCMH,Telco Rm Stack 2-3,Q2QW-5LPT-EC8M,11,Nicholas Z7-61,True,78547277,77145817,1401460,7447.2,7314.6,132.60000000000002,0.0
BCMH,Telco Rm Stack 2-3,Q2QW-5LPT-EC8M,12,Shortel,True,5703507,1177634,4525873,540.9999999999999,111.89999999999999,429.10000000000014,1616.6000000000004
BCMH,Telco Rm Stack 2-3,Q2QW-5LPT-EC8M,15,Data 130,True,16559344,14052516,2506828,1569.9,1332.1999999999998,237.7,0.0
BCMH,Telco Rm Stack 2-3,Q2QW-5LPT-EC8M,17,Pyxis build out z2-29,True,5407153,3895410,1511743,512.5,369.20000000000005,143.29999999999998,0.0
BCMH,Telco Rm Stack 2-3,Q2QW-5LPT-EC8M,19,Data 130,True,97560806,89714679,7846127,9249.799999999997,8506.0,743.8,0.0
BCMH,Telco Rm Stack 2-3,Q2QW-5LPT-EC8M,32,Synology,True,1041866,817039,224827,98.79999999999998,77.39999999999999,21.400000000000002,0.0
BCMH,Telco Rm Stack 2-3,Q2QW-5LPT-EC8M,36,Accounting MFP,True,1462953,1413092,49861,138.00000000000003,133.99999999999997,4.000000000000002,0.0
BCMH,Telco Rm Stack 2-3,Q2QW-5LPT-EC8M,37,Administration MFP,True,721283,623575,97708,68.5,59.19999999999999,9.299999999999999,0.0
BCMH,Telco Rm Stack 2-3,Q2QW-5LPT-EC8M,38,Administration Shannon,True,797409,739535,57874,75.49999999999999,70.2,5.3,0.0
BCMH,Telco Rm Stack 2-3,Q2QW-5LPT-EC8M,39,Admissions MFP,True,838693,815567,23126,80.30000000000001,77.19999999999999,3.1000000000000014,0.0
BCMH,Telco Rm Stack 2-3,Q2QW-5LPT-EC8M,40,HIM Transcription,True,545868,487254,58614,52.00000000000002,46.39999999999999,5.600000000000001,0.0
BCMH,Telco Rm Stack 2-3,Q2QW-5LPT-EC8M,41,IT MFP,True,561445,460411,101034,53.600000000000016,43.9,9.700000000000001,0.0
BCMH,Telco Rm Stack 2-3,Q2QW-5LPT-EC8M,42,Pharmacy West,True,677489,609510,67979,64.1,57.8,6.3000000000000025,0.0
BCMH,Telco Rm Stack 2-3,Q2QW-5LPT-EC8M,44,Nursing Gayle,True,530419,503705,26714,50.9,47.8,3.1000000000000014,0.0
BCMH,Telco Rm Stack 2-3,Q2QW-5LPT-EC8M,45,Administration Bustle,True,613644,552834,60810,58.20000000000001,52.3,5.900000000000003,0.0
BCMH,Telco Rm Stack 2-3,Q2QW-5LPT-EC8M,47,Wireless AP,True,691375787,673228995,18146792,65552.90000000001,63832.30000000001,1720.6000000000001,4552.799999999999
BCMH,Telco Rm Stack 2-3,Q2QW-5LPT-EC8M,53,,True,1521355217,1268945205,252410012,144246.6,120314.60000000002,23931.999999999993,0.0
BCMH,Telco Rm Stack 2-3,Q2QW-5LPT-EC8M,54,,True,1996807325,300063758,1696743567,189326.99999999994,28450.2,160876.80000000005,0.0
BCMH,Telco Rm Stack 2-1,Q2QW-5LTN-LEBD,2,Shortel,True,22919909,17719816,5200093,2172.8999999999996,1679.8999999999996,493.00000000000006,1891.4000000000005
BCMH,Telco Rm Stack 2-1,Q2QW-5LTN-LEBD,3,Shortel,True,2388002,1957999,430003,226.4,185.8,40.599999999999994,1720.7
BCMH,Telco Rm Stack 2-1,Q2QW-5LTN-LEBD,4,Shortel,True,19281808,13574044,5707764,1828.2000000000005,1287.0,541.2,0.0
BCMH,Telco Rm Stack 2-1,Q2QW-5LTN-LEBD,6,Shortel,True,14920193,10727611,4192582,1414.5000000000002,1017.1,397.4,0.0
BCMH,Telco Rm Stack 2-1,Q2QW-5LTN-LEBD,7,Shortel,True,49778455,38783759,10994696,4719.899999999999,3677.5000000000005,1042.4,0.0
BCMH,Telco Rm Stack 2-1,Q2QW-5LTN-LEBD,8,Shortel,True,38642123,24749562,13892561,3664.2000000000003,2346.9000000000005,1317.2999999999997,0.0
BCMH,Telco Rm Stack 2-1,Q2QW-5LTN-LEBD,9,Shortel,True,36293778,28377575,7916203,3441.2,2690.7,750.5,0.0
BCMH,Telco Rm Stack 2-1,Q2QW-5LTN-LEBD,11,Shortel,True,19304816,11405259,7899557,1830.3999999999999,1081.3000000000002,749.1000000000001,2246.7000000000003
BCMH,Telco Rm Stack 2-1,Q2QW-5LTN-LEBD,12,Shortel,True,22725854,17172485,5553369,2154.9,1628.1000000000004,526.7999999999998,2216.0
BCMH,Telco Rm Stack 2-1,Q2QW-5LTN-LEBD,13,Shortel,True,1448059,1274808,173251,137.1,121.0,16.099999999999998,1656.5
BCMH,Telco Rm Stack 2-1,Q2QW-5LTN-LEBD,16,Shortel,True,16186650,11994503,4192147,1534.8,1137.1999999999996,397.59999999999997,2181.1000000000004
BCMH,Telco Rm Stack 2-1,Q2QW-5LTN-LEBD,17,Shortel,True,602062419,585251271,16811148,57083.99999999999,55490.4,1593.6000000000001,0.0
BCMH,Telco Rm Stack 2-1,Q2QW-5LTN-LEBD,21,Surgery-North,True,302323415,288516671,13806744,28665.100000000002,27355.6,1309.4999999999998,0.0
BCMH,Telco Rm Stack 2-1,Q2QW-5LTN-LEBD,22,Shortel,True,106467875,70757790,35710085,10094.8,6709.099999999999,3385.7,2175.2
BCMH,Telco Rm Stack 2-1,Q2QW-5LTN-LEBD,24,Shortel,True,2027310,1566427,460883,192.40000000000003,148.90000000000003,43.5,1792.0000000000002
BCMH,Telco Rm Stack 2-1,Q2QW-5LTN-LEBD,25,Data 130,True,31554564,23989836,7564728,2991.9000000000005,2274.7000000000003,717.2000000000002,0.0
BCMH,Telco Rm Stack 2-1,Q2QW-5LTN-LEBD,27,Data 130,True,21837739,16471655,5366084,2070.7,1561.8000000000002,508.90000000000003,0.0
BCMH,Telco Rm Stack 2-1,Q2QW-5LTN-LEBD,28,Data 130,True,15372115,12279500,3092615,1457.5,1164.2,293.29999999999995,0.0
BCMH,Telco Rm Stack 2-1,Q2QW-5LTN-LEBD,29,Data 130,True,14295319,11603860,2691459,1355.8000000000002,1100.3000000000002,255.50000000000009,0.0
BCMH,Telco Rm Stack 2-1,Q2QW-5LTN-LEBD,30,Data 130 - Unknown Printer,True,35047325,30833109,4214216,3322.499999999999,2923.4999999999995,399.0,0.0
BCMH,Telco Rm Stack 2-1,Q2QW-5LTN-LEBD,31,Data 130,True,23561679,18982812,4578867,2233.9,1799.9,434.0,0.0
BCMH,Telco Rm Stack 2-1,Q2QW-5LTN-LEBD,35,Static 1050 - NucMed,True,80626047,47806400,32819647,7644.599999999999,4532.8,3111.7999999999997,0.0
BCMH,Telco Rm Stack 2-1,Q2QW-5LTN-LEBD,36,Data 130,True,14509954,10936862,3573092,1375.9999999999998,1037.0,339.0,0.0
BCMH,Telco Rm Stack 2-1,Q2QW-5LTN-LEBD,37,Infection Control Carmen,True,571924,543439,28485,54.600000000000016,51.5,3.1000000000000014,0.0
BCMH,Telco Rm Stack 2-1,Q2QW-5LTN-LEBD,38,Rehab Admin MFP,True,2852216,2727848,124368,270.2,258.49999999999994,11.700000000000005,0.0
BCMH,Telco Rm Stack 2-1,Q2QW-5LTN-LEBD,41,Financial Counselor,True,943458,882409,61049,89.80000000000001,83.9,5.899999999999998,0.0
BCMH,Telco Rm Stack 2-1,Q2QW-5LTN-LEBD,42,Pharmacy Labels 1,True,459717,449633,10084,42.8,42.599999999999994,0.2,0.0
BCMH,Telco Rm Stack 2-1,Q2QW-5LTN-LEBD,43,Static,True,555533,494046,61487,52.5,46.60000000000001,5.900000000000002,0.0
BCMH,Telco Rm Stack 2-1,Q2QW-5LTN-LEBD,44,Surgery MFP-Scheduling Office,True,711275,660683,50592,67.39999999999999,62.70000000000001,4.700000000000002,0.0
BCMH,Telco Rm Stack 2-1,Q2QW-5LTN-LEBD,45,Static,True,473516,411725,61791,45.1,38.80000000000001,6.3000000000000025,0.0
BCMH,Telco Rm Stack 2-1,Q2QW-5LTN-LEBD,46,Rehab Manager,True,498157,471556,26601,47.69999999999999,44.60000000000002,3.1000000000000014,0.0
BCMH,Telco Rm Stack 2-1,Q2QW-5LTN-LEBD,47,NucMed Capintec,True,5955207,4594895,1360312,564.9,435.79999999999995,129.09999999999997,0.0
BCMH,Telco Rm Stack 2-1,Q2QW-5LTN-LEBD,49,,True,6092931785,713061324,5379870461,577699.9000000001,67608.6,510091.3,0.0
BCMH,Telco Rm Stack 2-1,Q2QW-5LTN-LEBD,53,,True,4807710056,4212170632,595539424,455842.60000000003,399376.49999999994,56466.10000000001,0.0
BCMH,2nd Floor Stack 1 - 2,Q2QW-5M8E-LSDF,6,Shortel,True,1191098,906411,284687,112.80000000000003,85.89999999999999,26.9,1651.1000000000004
BCMH,2nd Floor Stack 1 - 2,Q2QW-5M8E-LSDF,8,ShoreTel,True,28868154,24119375,4748779,2737.5,2287.2999999999997,450.19999999999993,0.0
BCMH,2nd Floor Stack 1 - 2,Q2QW-5M8E-LSDF,10,ShoreTel,True,30161613,24732283,5429330,2859.9,2345.0999999999995,514.8,0.0
BCMH,2nd Floor Stack 1 - 2,Q2QW-5M8E-LSDF,11,ShoreTel,True,744860,687899,56961,70.39999999999999,65.0,5.4,1717.0
BCMH,2nd Floor Stack 1 - 2,Q2QW-5M8E-LSDF,13,Data,True,28006422,24036477,3969945,2655.2000000000007,2279.0,376.2,0.0
BCMH,2nd Floor Stack 1 - 2,Q2QW-5M8E-LSDF,16,Data 107- Open Path,True,1022042,859870,162172,96.99999999999999,81.6,15.400000000000002,0.0
BCMH,2nd Floor Stack 1 - 2,Q2QW-5M8E-LSDF,22,ShoreTel,True,1321640,969142,352498,124.89999999999999,91.80000000000001,33.099999999999994,1739.8
BCMH,2nd Floor Stack 1 - 2,Q2QW-5M8E-LSDF,23,ShoreTel,True,40634589,31409474,9225115,3852.5000000000005,2978.1000000000004,874.4,2130.5999999999995
BCMH,2nd Floor Stack 1 - 2,Q2QW-5M8E-LSDF,25,Voice and Data,True,27372179,23690505,3681674,2595.6000000000004,2246.5,349.1000000000001,0.0
BCMH,2nd Floor Stack 1 - 2,Q2QW-5M8E-LSDF,26,Data,True,26935777,22790741,4145036,2553.9000000000005,2160.7,393.2,0.0
BCMH,2nd Floor Stack 1 - 2,Q2QW-5M8E-LSDF,28,Voice and Data,True,19323504,13817404,5506100,1832.0999999999995,1310.0,522.0999999999999,2132.7999999999997
BCMH,2nd Floor Stack 1 - 2,Q2QW-5M8E-LSDF,31,Voice and Data,True,310046337,297751655,12294682,29397.199999999997,28231.400000000005,1165.8,0.0
BCMH,2nd Floor Stack 1 - 2,Q2QW-5M8E-LSDF,32,Data,True,5004792,3339121,1665671,474.50000000000006,316.5000000000001,158.0,0.0
BCMH,2nd Floor Stack 1 - 2,Q2QW-5M8E-LSDF,36,Shoretel,True,28984836,23212477,5772359,2748.2999999999993,2201.1000000000004,547.1999999999999,0.0
BCMH,2nd Floor Stack 1 - 2,Q2QW-5M8E-LSDF,37,Surgical Clinic MFP,True,1096387,1016456,79931,103.99999999999999,96.39999999999998,7.6,0.0
BCMH,2nd Floor Stack 1 - 2,Q2QW-5M8E-LSDF,46,ST48A2,True,4197801,2411784,1786017,397.70000000000005,228.50000000000006,169.20000000000005,0.0
BCMH,2nd Floor Stack 1 - 2,Q2QW-5M8E-LSDF,47,Wireless AP,True,600221705,578443107,21778598,56910.200000000004,54844.89999999999,2065.2999999999997,4435.8
BCMH,2nd Floor Stack 1 - 2,Q2QW-5M8E-LSDF,48,Wireless AP,True,577534013,566746326,10787687,54758.700000000004,53735.799999999996,1022.9,4511.3
BCMH,2nd Floor Stack 1 - 2,Q2QW-5M8E-LSDF,53,,True,2059060628,217273168,1841787460,195229.29999999996,20600.500000000004,174628.80000000002,0.0
BCMH,2nd Floor Stack 1 - 2,Q2QW-5M8E-LSDF,54,,True,1336423763,1213143002,123280761,126712.79999999997,115023.79999999997,11689.000000000002,0.0
BCMH,OPC Stack 1-1,Q2QW-6KQ5-9G2G,1,,True,60436231,43726057,16710174,5730.300000000001,4145.9,1584.4,0.0
BCMH,OPC Stack 1-1,Q2QW-6KQ5-9G2G,2,Shoretel,True,247092,246442,650,23.199999999999996,23.199999999999996,0.0,0.0
BCMH,OPC Stack 1-1,Q2QW-6KQ5-9G2G,3,Shoretel,True,531989,378922,153067,50.19999999999998,35.900000000000006,14.299999999999999,1780.6999999999996
BCMH,OPC Stack 1-1,Q2QW-6KQ5-9G2G,5,Shoretel,True,246288,246032,256,22.999999999999996,22.999999999999996,0.0,0.0
BCMH,OPC Stack 1-1,Q2QW-6KQ5-9G2G,7,Shoretel,True,468626,349391,119235,44.4,33.099999999999994,11.299999999999999,1670.4
BCMH,OPC Stack 1-1,Q2QW-6KQ5-9G2G,9,Shoretel,True,49233934,36591114,12642820,4668.500000000001,3469.6000000000004,1198.8999999999996,0.0
BCMH,OPC Stack 1-1,Q2QW-6KQ5-9G2G,11,Shoretel,True,247619,247079,540,23.199999999999996,23.199999999999996,0.0,0.0
BCMH,OPC Stack 1-1,Q2QW-6KQ5-9G2G,13,Shoretel,True,528139,385029,143110,50.5,36.500000000000014,13.999999999999998,1729.3999999999994
BCMH,OPC Stack 1-1,Q2QW-6KQ5-9G2G,15,Shoretel,True,57134086,38718196,18415890,5417.199999999999,3671.2,1746.0000000000002,0.0
BCMH,OPC Stack 1-1,Q2QW-6KQ5-9G2G,17,Shoretel,True,488015,358600,129415,45.699999999999996,33.699999999999996,11.999999999999998,1711.2999999999997
BCMH,OPC Stack 1-1,Q2QW-6KQ5-9G2G,19,Shoretel,True,246894,246629,265,22.999999999999996,22.999999999999996,0.0,0.0
BCMH,OPC Stack 1-1,Q2QW-6KQ5-9G2G,21,Shoretel,True,58362697,38097817,20264880,5533.499999999999,3612.0999999999995,1921.3999999999999,0.0
BCMH,OPC Stack 1-1,Q2QW-6KQ5-9G2G,29,Static,True,697896,662599,35297,65.60000000000002,62.5,3.1000000000000014,0.0
BCMH,OPC Stack 1-1,Q2QW-6KQ5-9G2G,30,Static,True,572792,536797,35995,53.70000000000002,50.599999999999994,3.1000000000000014,0.0
BCMH,OPC Stack 1-1,Q2QW-6KQ5-9G2G,31,Static,True,804547,769461,35086,75.79999999999998,72.69999999999999,3.1000000000000014,0.0
BCMH,OPC Stack 1-1,Q2QW-6KQ5-9G2G,32,Static,True,797028,772078,24950,76.3,73.20000000000002,3.1000000000000014,0.0
BCMH,OPC Stack 1-1,Q2QW-6KQ5-9G2G,37,Static,True,3834129,2198728,1635401,363.9,208.60000000000002,155.3,5094.7
BCMH,OPC Stack 1-1,Q2QW-6KQ5-9G2G,46,Hillrom,True,1593676,760359,833317,150.60000000000002,71.29999999999995,79.29999999999998,0.0
BCMH,OPC Stack 1-1,Q2QW-6KQ5-9G2G,47,Wireless AP,True,573610042,563781609,9828433,54386.799999999996,53454.800000000025,931.9999999999999,4400.2
BCMH,OPC Stack 1-1,Q2QW-6KQ5-9G2G,49,,True,808275735,82044203,726231532,76637.00000000001,7779.200000000002,68857.79999999999,0.0
